corner_label,cap_section,temp_c,vbias_v,device_model,w_um,l_um,wfeed_um,status,srf_hz,c_1ghz_f,c_2ghz_f,c_5ghz_f,c_10ghz_f,c_20ghz_f,q_1ghz,q_2ghz,q_5ghz,q_10ghz,q_20ghz
typ,cap_typ,-40,0.0,cap_cmim,20,20,,PASS,none,6.03060e-13,6.03060e-13,6.03059e-13,6.03057e-13,6.03049e-13,4.79842e+03,2.39921e+03,9.59685e+02,4.79843e+02,2.39921e+02
typ,cap_typ,-40,0.0,cap_cmim,35,35,,PASS,none,1.84267e-12,1.84267e-12,1.84265e-12,1.84260e-12,1.84237e-12,1.57040e+03,7.85202e+02,3.14080e+02,1.57040e+02,7.85200e+01
typ,cap_typ,-40,0.0,cap_cmim,50,50,,PASS,none,3.75712e-12,3.75710e-12,3.75697e-12,3.75649e-12,3.75460e-12,7.70199e+02,3.85100e+02,1.54040e+02,7.70200e+01,3.85099e+01
typ,cap_typ,-40,0.0,cap_rfcmim,20,20,5,PASS,5.37312e+10,6.03302e-13,6.04025e-13,6.09078e-13,6.27191e-13,7.05784e-13,8.57574e+02,4.24649e+02,1.59625e+02,6.76538e+01,2.40545e+01
typ,cap_typ,-40,0.0,cap_rfcmim,35,35,10,PASS,2.65659e+10,1.84561e-12,1.85444e-12,1.91785e-12,2.17167e-12,4.09834e-12,3.30011e+02,1.61852e+02,5.72326e+01,2.04397e+01,3.73040e+00
typ,cap_typ,-40,0.0,cap_rfcmim,50,50,15,PASS,1.60895e+10,3.77274e-12,3.82022e-12,4.18249e-12,6.11714e-12,-5.73998e-12,1.51153e+02,7.33109e+01,2.40011e+01,6.27304e+00,1.92442e+00
typ,cap_typ,-40,1.5,cap_cmim,20,20,,PASS,none,6.03060e-13,6.03060e-13,6.03059e-13,6.03057e-13,6.03049e-13,4.79842e+03,2.39921e+03,9.59685e+02,4.79843e+02,2.39921e+02
typ,cap_typ,-40,1.5,cap_cmim,35,35,,PASS,none,1.84267e-12,1.84267e-12,1.84265e-12,1.84260e-12,1.84237e-12,1.57040e+03,7.85202e+02,3.14080e+02,1.57040e+02,7.85200e+01
typ,cap_typ,-40,1.5,cap_cmim,50,50,,PASS,none,3.75712e-12,3.75710e-12,3.75697e-12,3.75649e-12,3.75460e-12,7.70199e+02,3.85100e+02,1.54040e+02,7.70200e+01,3.85099e+01
typ,cap_typ,-40,1.5,cap_rfcmim,20,20,5,PASS,5.37312e+10,6.03302e-13,6.04025e-13,6.09078e-13,6.27191e-13,7.05784e-13,8.57574e+02,4.24649e+02,1.59625e+02,6.76538e+01,2.40545e+01
typ,cap_typ,-40,1.5,cap_rfcmim,35,35,10,PASS,2.65659e+10,1.84561e-12,1.85444e-12,1.91785e-12,2.17167e-12,4.09834e-12,3.30011e+02,1.61852e+02,5.72326e+01,2.04397e+01,3.73040e+00
typ,cap_typ,-40,1.5,cap_rfcmim,50,50,15,PASS,1.60895e+10,3.77274e-12,3.82022e-12,4.18249e-12,6.11714e-12,-5.73998e-12,1.51153e+02,7.33109e+01,2.40011e+01,6.27304e+00,1.92442e+00
typ,cap_typ,27,0.0,cap_cmim,20,20,,PASS,none,6.03200e-13,6.03200e-13,6.03199e-13,6.03197e-13,6.03190e-13,4.79731e+03,2.39866e+03,9.59462e+02,4.79731e+02,2.39865e+02
typ,cap_typ,27,0.0,cap_cmim,35,35,,PASS,none,1.84310e-12,1.84310e-12,1.84308e-12,1.84303e-12,1.84280e-12,1.57004e+03,7.85020e+02,3.14008e+02,1.57004e+02,7.85018e+01
typ,cap_typ,27,0.0,cap_cmim,50,50,,PASS,none,3.75799e-12,3.75797e-12,3.75784e-12,3.75737e-12,3.75547e-12,7.70020e+02,3.85011e+02,1.54004e+02,7.70021e+01,3.85010e+01
typ,cap_typ,27,0.0,cap_rfcmim,20,20,5,PASS,5.37249e+10,6.03442e-13,6.04165e-13,6.09221e-13,6.27342e-13,7.05976e-13,8.57375e+02,4.24550e+02,1.59588e+02,6.76374e+01,2.40480e+01
typ,cap_typ,27,0.0,cap_rfcmim,35,35,10,PASS,2.65627e+10,1.84604e-12,1.85488e-12,1.91832e-12,2.17227e-12,4.10030e-12,3.29934e+02,1.61814e+02,5.72188e+01,2.04341e+01,3.72834e+00
typ,cap_typ,27,0.0,cap_rfcmim,50,50,15,PASS,1.60876e+10,3.77362e-12,3.82112e-12,4.18357e-12,6.11939e-12,-5.73849e-12,1.51117e+02,7.32935e+01,2.39949e+01,6.27061e+00,1.92528e+00
typ,cap_typ,27,1.5,cap_cmim,20,20,,PASS,none,6.03200e-13,6.03200e-13,6.03199e-13,6.03197e-13,6.03190e-13,4.79731e+03,2.39866e+03,9.59462e+02,4.79731e+02,2.39865e+02
typ,cap_typ,27,1.5,cap_cmim,35,35,,PASS,none,1.84310e-12,1.84310e-12,1.84308e-12,1.84303e-12,1.84280e-12,1.57004e+03,7.85020e+02,3.14008e+02,1.57004e+02,7.85018e+01
typ,cap_typ,27,1.5,cap_cmim,50,50,,PASS,none,3.75799e-12,3.75797e-12,3.75784e-12,3.75737e-12,3.75547e-12,7.70020e+02,3.85011e+02,1.54004e+02,7.70021e+01,3.85010e+01
typ,cap_typ,27,1.5,cap_rfcmim,20,20,5,PASS,5.37249e+10,6.03442e-13,6.04165e-13,6.09221e-13,6.27342e-13,7.05976e-13,8.57375e+02,4.24550e+02,1.59588e+02,6.76374e+01,2.40480e+01
typ,cap_typ,27,1.5,cap_rfcmim,35,35,10,PASS,2.65627e+10,1.84604e-12,1.85488e-12,1.91832e-12,2.17227e-12,4.10030e-12,3.29934e+02,1.61814e+02,5.72188e+01,2.04341e+01,3.72834e+00
typ,cap_typ,27,1.5,cap_rfcmim,50,50,15,PASS,1.60876e+10,3.77362e-12,3.82112e-12,4.18357e-12,6.11939e-12,-5.73849e-12,1.51117e+02,7.32935e+01,2.39949e+01,6.27061e+00,1.92528e+00
typ,cap_typ,125,0.0,cap_cmim,20,20,,PASS,none,6.03424e-13,6.03424e-13,6.03424e-13,6.03422e-13,6.03414e-13,4.79552e+03,2.39776e+03,9.59105e+02,4.79553e+02,2.39776e+02
typ,cap_typ,125,0.0,cap_cmim,35,35,,PASS,none,1.84378e-12,1.84378e-12,1.84377e-12,1.84371e-12,1.84349e-12,1.56945e+03,7.84728e+02,3.13891e+02,1.56946e+02,7.84726e+01
typ,cap_typ,125,0.0,cap_cmim,50,50,,PASS,none,3.75939e-12,3.75937e-12,3.75924e-12,3.75876e-12,3.75686e-12,7.69733e+02,3.84867e+02,1.53947e+02,7.69735e+01,3.84867e+01
typ,cap_typ,125,0.0,cap_rfcmim,20,20,5,PASS,5.37147e+10,6.03667e-13,6.04390e-13,6.09450e-13,6.27585e-13,7.06283e-13,8.57056e+02,4.24392e+02,1.59528e+02,6.76113e+01,2.40375e+01
typ,cap_typ,125,0.0,cap_rfcmim,35,35,10,PASS,2.65576e+10,1.84672e-12,1.85557e-12,1.91906e-12,2.17322e-12,4.10345e-12,3.29811e+02,1.61754e+02,5.71966e+01,2.04251e+01,3.72503e+00
typ,cap_typ,125,0.0,cap_rfcmim,50,50,15,PASS,1.60844e+10,3.77503e-12,3.82257e-12,4.18530e-12,6.12301e-12,-5.73611e-12,1.51061e+02,7.32658e+01,2.39849e+01,6.26671e+00,1.92667e+00
typ,cap_typ,125,1.5,cap_cmim,20,20,,PASS,none,6.03424e-13,6.03424e-13,6.03424e-13,6.03422e-13,6.03414e-13,4.79552e+03,2.39776e+03,9.59105e+02,4.79553e+02,2.39776e+02
typ,cap_typ,125,1.5,cap_cmim,35,35,,PASS,none,1.84378e-12,1.84378e-12,1.84377e-12,1.84371e-12,1.84349e-12,1.56945e+03,7.84728e+02,3.13891e+02,1.56946e+02,7.84726e+01
typ,cap_typ,125,1.5,cap_cmim,50,50,,PASS,none,3.75939e-12,3.75937e-12,3.75924e-12,3.75876e-12,3.75686e-12,7.69733e+02,3.84867e+02,1.53947e+02,7.69735e+01,3.84867e+01
typ,cap_typ,125,1.5,cap_rfcmim,20,20,5,PASS,5.37147e+10,6.03667e-13,6.04390e-13,6.09450e-13,6.27585e-13,7.06283e-13,8.57056e+02,4.24392e+02,1.59528e+02,6.76113e+01,2.40375e+01
typ,cap_typ,125,1.5,cap_rfcmim,35,35,10,PASS,2.65576e+10,1.84672e-12,1.85557e-12,1.91906e-12,2.17322e-12,4.10345e-12,3.29811e+02,1.61754e+02,5.71966e+01,2.04251e+01,3.72503e+00
typ,cap_typ,125,1.5,cap_rfcmim,50,50,15,PASS,1.60844e+10,3.77503e-12,3.82257e-12,4.18530e-12,6.12301e-12,-5.73611e-12,1.51061e+02,7.32658e+01,2.39849e+01,6.26671e+00,1.92667e+00
bcs,cap_bcs,-40,0.0,cap_cmim,20,20,,PASS,none,5.43074e-13,5.43074e-13,5.43073e-13,5.43072e-13,5.43066e-13,5.32844e+03,2.66422e+03,1.06569e+03,5.32845e+02,2.66422e+02
bcs,cap_bcs,-40,0.0,cap_cmim,35,35,,PASS,none,1.65896e-12,1.65896e-12,1.65895e-12,1.65891e-12,1.65875e-12,1.74430e+03,8.72152e+02,3.48861e+02,1.74430e+02,8.72151e+01
bcs,cap_bcs,-40,0.0,cap_cmim,50,50,,PASS,none,3.38221e-12,3.38220e-12,3.38210e-12,3.38175e-12,3.38037e-12,8.55574e+02,4.27788e+02,1.71115e+02,8.55575e+01,4.27787e+01
bcs,cap_bcs,-40,0.0,cap_rfcmim,20,20,5,PASS,5.66648e+10,5.43270e-13,5.43857e-13,5.47952e-13,5.62577e-13,6.25101e-13,9.52337e+02,4.71630e+02,1.77434e+02,7.54273e+01,2.71695e+01
bcs,cap_bcs,-40,0.0,cap_rfcmim,35,35,10,PASS,2.80567e+10,1.66134e-12,1.66850e-12,1.71970e-12,1.92144e-12,3.32579e-12,3.66613e+02,1.79890e+02,6.38309e+01,2.31136e+01,4.71517e+00
bcs,cap_bcs,-40,0.0,cap_rfcmim,50,50,15,PASS,1.69995e+10,3.39487e-12,3.43332e-12,3.72370e-12,5.19897e-12,-6.45720e-12,1.67978e+02,8.15752e+01,2.69679e+01,7.43393e+00,1.51052e+00
bcs,cap_bcs,-40,1.5,cap_cmim,20,20,,PASS,none,5.43074e-13,5.43074e-13,5.43073e-13,5.43072e-13,5.43066e-13,5.32844e+03,2.66422e+03,1.06569e+03,5.32845e+02,2.66422e+02
bcs,cap_bcs,-40,1.5,cap_cmim,35,35,,PASS,none,1.65896e-12,1.65896e-12,1.65895e-12,1.65891e-12,1.65875e-12,1.74430e+03,8.72152e+02,3.48861e+02,1.74430e+02,8.72151e+01
bcs,cap_bcs,-40,1.5,cap_cmim,50,50,,PASS,none,3.38221e-12,3.38220e-12,3.38210e-12,3.38175e-12,3.38037e-12,8.55574e+02,4.27788e+02,1.71115e+02,8.55575e+01,4.27787e+01
bcs,cap_bcs,-40,1.5,cap_rfcmim,20,20,5,PASS,5.66648e+10,5.43270e-13,5.43857e-13,5.47952e-13,5.62577e-13,6.25101e-13,9.52337e+02,4.71630e+02,1.77434e+02,7.54273e+01,2.71695e+01
bcs,cap_bcs,-40,1.5,cap_rfcmim,35,35,10,PASS,2.80567e+10,1.66134e-12,1.66850e-12,1.71970e-12,1.92144e-12,3.32579e-12,3.66613e+02,1.79890e+02,6.38309e+01,2.31136e+01,4.71517e+00
bcs,cap_bcs,-40,1.5,cap_rfcmim,50,50,15,PASS,1.69995e+10,3.39487e-12,3.43332e-12,3.72370e-12,5.19897e-12,-6.45720e-12,1.67978e+02,8.15752e+01,2.69679e+01,7.43393e+00,1.51052e+00
bcs,cap_bcs,27,0.0,cap_cmim,20,20,,PASS,none,5.43200e-13,5.43200e-13,5.43200e-13,5.43198e-13,5.43192e-13,5.32720e+03,2.66360e+03,1.06544e+03,5.32721e+02,2.66360e+02
bcs,cap_bcs,27,0.0,cap_cmim,35,35,,PASS,none,1.65935e-12,1.65935e-12,1.65934e-12,1.65930e-12,1.65913e-12,1.74390e+03,8.71950e+02,3.48780e+02,1.74390e+02,8.71948e+01
bcs,cap_bcs,27,0.0,cap_cmim,50,50,,PASS,none,3.38300e-12,3.38298e-12,3.38288e-12,3.38254e-12,3.38115e-12,8.55375e+02,4.27688e+02,1.71075e+02,8.55377e+01,4.27688e+01
bcs,cap_bcs,27,0.0,cap_rfcmim,20,20,5,PASS,5.66581e+10,5.43397e-13,5.43983e-13,5.48080e-13,5.62712e-13,6.25268e-13,9.52116e+02,4.71520e+02,1.77392e+02,7.54092e+01,2.71622e+01
bcs,cap_bcs,27,0.0,cap_rfcmim,35,35,10,PASS,2.80533e+10,1.66173e-12,1.66889e-12,1.72012e-12,1.92196e-12,3.32727e-12,3.66528e+02,1.79848e+02,6.38156e+01,2.31073e+01,4.71288e+00
bcs,cap_bcs,27,0.0,cap_rfcmim,50,50,15,PASS,1.69974e+10,3.39567e-12,3.43413e-12,3.72465e-12,5.20079e-12,-6.45559e-12,1.67939e+02,8.15560e+01,2.69610e+01,7.43123e+00,1.51149e+00
bcs,cap_bcs,27,1.5,cap_cmim,20,20,,PASS,none,5.43200e-13,5.43200e-13,5.43200e-13,5.43198e-13,5.43192e-13,5.32720e+03,2.66360e+03,1.06544e+03,5.32721e+02,2.66360e+02
bcs,cap_bcs,27,1.5,cap_cmim,35,35,,PASS,none,1.65935e-12,1.65935e-12,1.65934e-12,1.65930e-12,1.65913e-12,1.74390e+03,8.71950e+02,3.48780e+02,1.74390e+02,8.71948e+01
bcs,cap_bcs,27,1.5,cap_cmim,50,50,,PASS,none,3.38300e-12,3.38298e-12,3.38288e-12,3.38254e-12,3.38115e-12,8.55375e+02,4.27688e+02,1.71075e+02,8.55377e+01,4.27688e+01
bcs,cap_bcs,27,1.5,cap_rfcmim,20,20,5,PASS,5.66581e+10,5.43397e-13,5.43983e-13,5.48080e-13,5.62712e-13,6.25268e-13,9.52116e+02,4.71520e+02,1.77392e+02,7.54092e+01,2.71622e+01
bcs,cap_bcs,27,1.5,cap_rfcmim,35,35,10,PASS,2.80533e+10,1.66173e-12,1.66889e-12,1.72012e-12,1.92196e-12,3.32727e-12,3.66528e+02,1.79848e+02,6.38156e+01,2.31073e+01,4.71288e+00
bcs,cap_bcs,27,1.5,cap_rfcmim,50,50,15,PASS,1.69974e+10,3.39567e-12,3.43413e-12,3.72465e-12,5.20079e-12,-6.45559e-12,1.67939e+02,8.15560e+01,2.69610e+01,7.43123e+00,1.51149e+00
bcs,cap_bcs,125,0.0,cap_cmim,20,20,,PASS,none,5.43402e-13,5.43402e-13,5.43402e-13,5.43400e-13,5.43394e-13,5.32522e+03,2.66261e+03,1.06504e+03,5.32523e+02,2.66261e+02
bcs,cap_bcs,125,0.0,cap_cmim,35,35,,PASS,none,1.65997e-12,1.65997e-12,1.65995e-12,1.65991e-12,1.65975e-12,1.74325e+03,8.71625e+02,3.48650e+02,1.74325e+02,8.71624e+01
bcs,cap_bcs,125,0.0,cap_cmim,50,50,,PASS,none,3.38425e-12,3.38424e-12,3.38414e-12,3.38380e-12,3.38241e-12,8.55057e+02,4.27529e+02,1.71012e+02,8.55059e+01,4.27528e+01
bcs,cap_bcs,125,0.0,cap_rfcmim,20,20,5,PASS,5.66474e+10,5.43599e-13,5.44186e-13,5.48286e-13,5.62929e-13,6.25535e-13,9.51761e+02,4.71344e+02,1.77326e+02,7.53801e+01,2.71506e+01
bcs,cap_bcs,125,0.0,cap_rfcmim,35,35,10,PASS,2.80479e+10,1.66235e-12,1.66952e-12,1.72078e-12,1.92278e-12,3.32964e-12,3.66391e+02,1.79781e+02,6.37910e+01,2.30974e+01,4.70921e+00
bcs,cap_bcs,125,0.0,cap_rfcmim,50,50,15,PASS,1.69941e+10,3.39693e-12,3.43542e-12,3.72618e-12,5.20371e-12,-6.45301e-12,1.67876e+02,8.15252e+01,2.69500e+01,7.42691e+00,1.51303e+00
bcs,cap_bcs,125,1.5,cap_cmim,20,20,,PASS,none,5.43402e-13,5.43402e-13,5.43402e-13,5.43400e-13,5.43394e-13,5.32522e+03,2.66261e+03,1.06504e+03,5.32523e+02,2.66261e+02
bcs,cap_bcs,125,1.5,cap_cmim,35,35,,PASS,none,1.65997e-12,1.65997e-12,1.65995e-12,1.65991e-12,1.65975e-12,1.74325e+03,8.71625e+02,3.48650e+02,1.74325e+02,8.71624e+01
bcs,cap_bcs,125,1.5,cap_cmim,50,50,,PASS,none,3.38425e-12,3.38424e-12,3.38414e-12,3.38380e-12,3.38241e-12,8.55057e+02,4.27529e+02,1.71012e+02,8.55059e+01,4.27528e+01
bcs,cap_bcs,125,1.5,cap_rfcmim,20,20,5,PASS,5.66474e+10,5.43599e-13,5.44186e-13,5.48286e-13,5.62929e-13,6.25535e-13,9.51761e+02,4.71344e+02,1.77326e+02,7.53801e+01,2.71506e+01
bcs,cap_bcs,125,1.5,cap_rfcmim,35,35,10,PASS,2.80479e+10,1.66235e-12,1.66952e-12,1.72078e-12,1.92278e-12,3.32964e-12,3.66391e+02,1.79781e+02,6.37910e+01,2.30974e+01,4.70921e+00
bcs,cap_bcs,125,1.5,cap_rfcmim,50,50,15,PASS,1.69941e+10,3.39693e-12,3.43542e-12,3.72618e-12,5.20371e-12,-6.45301e-12,1.67876e+02,8.15252e+01,2.69500e+01,7.42691e+00,1.51303e+00
wcs,cap_wcs,-40,0.0,cap_cmim,20,20,,PASS,none,6.63046e-13,6.63046e-13,6.63045e-13,6.63043e-13,6.63032e-13,4.36430e+03,2.18216e+03,8.72861e+02,4.36431e+02,2.18215e+02
wcs,cap_wcs,-40,0.0,cap_cmim,35,35,,PASS,none,2.02638e-12,2.02638e-12,2.02635e-12,2.02628e-12,2.02598e-12,1.42803e+03,7.14017e+02,2.85607e+02,1.42803e+02,7.14016e+01
wcs,cap_wcs,-40,0.0,cap_cmim,50,50,,PASS,none,4.13203e-12,4.13201e-12,4.13183e-12,4.13120e-12,4.12867e-12,7.00316e+02,3.50159e+02,1.40063e+02,7.00317e+01,3.50158e+01
wcs,cap_wcs,-40,0.0,cap_rfcmim,20,20,5,PASS,5.12036e+10,6.63338e-13,6.64212e-13,6.70325e-13,6.92315e-13,7.89182e-13,7.79958e+02,3.86169e+02,1.45039e+02,6.12868e+01,2.15032e+01
wcs,cap_wcs,-40,0.0,cap_rfcmim,35,35,10,PASS,2.52833e+10,2.02993e-12,2.04061e-12,2.11760e-12,2.43068e-12,5.01723e-12,3.00045e+02,1.47085e+02,5.18307e+01,1.82506e+01,2.92419e+00
wcs,cap_wcs,-40,0.0,cap_rfcmim,50,50,15,PASS,1.53086e+10,4.15091e-12,4.20839e-12,4.65140e-12,7.14037e-12,-5.18616e-12,1.37381e+02,6.65462e+01,2.15727e+01,5.32281e+00,2.26320e+00
wcs,cap_wcs,-40,1.5,cap_cmim,20,20,,PASS,none,6.63046e-13,6.63046e-13,6.63045e-13,6.63043e-13,6.63032e-13,4.36430e+03,2.18216e+03,8.72861e+02,4.36431e+02,2.18215e+02
wcs,cap_wcs,-40,1.5,cap_cmim,35,35,,PASS,none,2.02638e-12,2.02638e-12,2.02635e-12,2.02628e-12,2.02598e-12,1.42803e+03,7.14017e+02,2.85607e+02,1.42803e+02,7.14016e+01
wcs,cap_wcs,-40,1.5,cap_cmim,50,50,,PASS,none,4.13203e-12,4.13201e-12,4.13183e-12,4.13120e-12,4.12867e-12,7.00316e+02,3.50159e+02,1.40063e+02,7.00317e+01,3.50158e+01
wcs,cap_wcs,-40,1.5,cap_rfcmim,20,20,5,PASS,5.12036e+10,6.63338e-13,6.64212e-13,6.70325e-13,6.92315e-13,7.89182e-13,7.79958e+02,3.86169e+02,1.45039e+02,6.12868e+01,2.15032e+01
wcs,cap_wcs,-40,1.5,cap_rfcmim,35,35,10,PASS,2.52833e+10,2.02993e-12,2.04061e-12,2.11760e-12,2.43068e-12,5.01723e-12,3.00045e+02,1.47085e+02,5.18307e+01,1.82506e+01,2.92419e+00
wcs,cap_wcs,-40,1.5,cap_rfcmim,50,50,15,PASS,1.53086e+10,4.15091e-12,4.20839e-12,4.65140e-12,7.14037e-12,-5.18616e-12,1.37381e+02,6.65462e+01,2.15727e+01,5.32281e+00,2.26320e+00
wcs,cap_wcs,27,0.0,cap_cmim,20,20,,PASS,none,6.63200e-13,6.63200e-13,6.63199e-13,6.63197e-13,6.63186e-13,4.36329e+03,2.18165e+03,8.72659e+02,4.36330e+02,2.18164e+02
wcs,cap_wcs,27,0.0,cap_cmim,35,35,,PASS,none,2.02685e-12,2.02685e-12,2.02683e-12,2.02675e-12,2.02645e-12,1.42770e+03,7.13851e+02,2.85540e+02,1.42770e+02,7.13850e+01
wcs,cap_wcs,27,0.0,cap_cmim,50,50,,PASS,none,4.13299e-12,4.13297e-12,4.13279e-12,4.13216e-12,4.12963e-12,7.00154e+02,3.50077e+02,1.40031e+02,7.00155e+01,3.50077e+01
wcs,cap_wcs,27,0.0,cap_rfcmim,20,20,5,PASS,5.11976e+10,6.63492e-13,6.64366e-13,6.70482e-13,6.92483e-13,7.89400e-13,7.79776e+02,3.86079e+02,1.45005e+02,6.12720e+01,2.14973e+01
wcs,cap_wcs,27,0.0,cap_rfcmim,35,35,10,PASS,2.52803e+10,2.03040e-12,2.04109e-12,2.11811e-12,2.43136e-12,5.01978e-12,2.99975e+02,1.47050e+02,5.18181e+01,1.82455e+01,2.92231e+00
wcs,cap_wcs,27,0.0,cap_rfcmim,50,50,15,PASS,1.53068e+10,4.15188e-12,4.20939e-12,4.65261e-12,7.14314e-12,-5.18495e-12,1.37348e+02,6.65304e+01,2.15670e+01,5.32060e+00,2.26399e+00
wcs,cap_wcs,27,1.5,cap_cmim,20,20,,PASS,none,6.63200e-13,6.63200e-13,6.63199e-13,6.63197e-13,6.63186e-13,4.36329e+03,2.18165e+03,8.72659e+02,4.36330e+02,2.18164e+02
wcs,cap_wcs,27,1.5,cap_cmim,35,35,,PASS,none,2.02685e-12,2.02685e-12,2.02683e-12,2.02675e-12,2.02645e-12,1.42770e+03,7.13851e+02,2.85540e+02,1.42770e+02,7.13850e+01
wcs,cap_wcs,27,1.5,cap_cmim,50,50,,PASS,none,4.13299e-12,4.13297e-12,4.13279e-12,4.13216e-12,4.12963e-12,7.00154e+02,3.50077e+02,1.40031e+02,7.00155e+01,3.50077e+01
wcs,cap_wcs,27,1.5,cap_rfcmim,20,20,5,PASS,5.11976e+10,6.63492e-13,6.64366e-13,6.70482e-13,6.92483e-13,7.89400e-13,7.79776e+02,3.86079e+02,1.45005e+02,6.12720e+01,2.14973e+01
wcs,cap_wcs,27,1.5,cap_rfcmim,35,35,10,PASS,2.52803e+10,2.03040e-12,2.04109e-12,2.11811e-12,2.43136e-12,5.01978e-12,2.99975e+02,1.47050e+02,5.18181e+01,1.82455e+01,2.92231e+00
wcs,cap_wcs,27,1.5,cap_rfcmim,50,50,15,PASS,1.53068e+10,4.15188e-12,4.20939e-12,4.65261e-12,7.14314e-12,-5.18495e-12,1.37348e+02,6.65304e+01,2.15670e+01,5.32060e+00,2.26399e+00
wcs,cap_wcs,125,0.0,cap_cmim,20,20,,PASS,none,6.63447e-13,6.63447e-13,6.63446e-13,6.63443e-13,6.63433e-13,4.36167e+03,2.18084e+03,8.72334e+02,4.36168e+02,2.18083e+02
wcs,cap_wcs,125,0.0,cap_cmim,35,35,,PASS,none,2.02760e-12,2.02760e-12,2.02758e-12,2.02750e-12,2.02721e-12,1.42717e+03,7.13586e+02,2.85434e+02,1.42717e+02,7.13585e+01
wcs,cap_wcs,125,0.0,cap_cmim,50,50,,PASS,none,4.13453e-12,4.13450e-12,4.13433e-12,4.13369e-12,4.13116e-12,6.99893e+02,3.49947e+02,1.39979e+02,6.99894e+01,3.49946e+01
wcs,cap_wcs,125,0.0,cap_rfcmim,20,20,5,PASS,5.11879e+10,6.63739e-13,6.64614e-13,6.70735e-13,6.92752e-13,7.89749e-13,7.79486e+02,3.85936e+02,1.44951e+02,6.12482e+01,2.14877e+01
wcs,cap_wcs,125,0.0,cap_rfcmim,35,35,10,PASS,2.52754e+10,2.03116e-12,2.04185e-12,2.11893e-12,2.43244e-12,5.02387e-12,2.99863e+02,1.46995e+02,5.17980e+01,1.82373e+01,2.91930e+00
wcs,cap_wcs,125,0.0,cap_rfcmim,50,50,15,PASS,1.53038e+10,4.15343e-12,4.21098e-12,4.65455e-12,7.14757e-12,-5.18300e-12,1.37297e+02,6.65052e+01,2.15580e+01,5.31706e+00,2.26525e+00
wcs,cap_wcs,125,1.5,cap_cmim,20,20,,PASS,none,6.63447e-13,6.63447e-13,6.63446e-13,6.63443e-13,6.63433e-13,4.36167e+03,2.18084e+03,8.72334e+02,4.36168e+02,2.18083e+02
wcs,cap_wcs,125,1.5,cap_cmim,35,35,,PASS,none,2.02760e-12,2.02760e-12,2.02758e-12,2.02750e-12,2.02721e-12,1.42717e+03,7.13586e+02,2.85434e+02,1.42717e+02,7.13585e+01
wcs,cap_wcs,125,1.5,cap_cmim,50,50,,PASS,none,4.13453e-12,4.13450e-12,4.13433e-12,4.13369e-12,4.13116e-12,6.99893e+02,3.49947e+02,1.39979e+02,6.99894e+01,3.49946e+01
wcs,cap_wcs,125,1.5,cap_rfcmim,20,20,5,PASS,5.11879e+10,6.63739e-13,6.64614e-13,6.70735e-13,6.92752e-13,7.89749e-13,7.79486e+02,3.85936e+02,1.44951e+02,6.12482e+01,2.14877e+01
wcs,cap_wcs,125,1.5,cap_rfcmim,35,35,10,PASS,2.52754e+10,2.03116e-12,2.04185e-12,2.11893e-12,2.43244e-12,5.02387e-12,2.99863e+02,1.46995e+02,5.17980e+01,1.82373e+01,2.91930e+00
wcs,cap_wcs,125,1.5,cap_rfcmim,50,50,15,PASS,1.53038e+10,4.15343e-12,4.21098e-12,4.65455e-12,7.14757e-12,-5.18300e-12,1.37297e+02,6.65052e+01,2.15580e+01,5.31706e+00,2.26525e+00
