f_hz,l_se_raw_h,q_se_raw,l_se_h,q_se,re_zse_ohm,im_zse_ohm,l_diff_h,q_diff,re_zdiff_ohm,im_zdiff_ohm
0,nan,0,nan,0,6.80915,0,nan,0,6.81124,0
50000000,5.04528e-09,0.23275,5.04153e-09,0.232577,6.80996,1.58384,5.04467e-09,0.232656,6.81191,1.58483
100000000,5.04589e-09,0.46539,5.04215e-09,0.465044,6.81241,3.16807,5.04521e-09,0.465224,6.81393,3.17
150000000,5.04692e-09,0.697808,5.04318e-09,0.69729,6.8165,4.75308,5.04611e-09,0.697617,6.81728,4.75585
200000000,5.04836e-09,0.929892,5.04462e-09,0.929202,6.82226,6.33925,5.04737e-09,0.929745,6.822,6.34272
250000000,5.05022e-09,1.16153,5.04647e-09,1.16067,6.82968,7.92697,5.04899e-09,1.16152,6.82807,7.93094
300000000,5.05248e-09,1.3926,5.04873e-09,1.39156,6.83881,9.51664,5.05098e-09,1.39285,6.83553,9.52087
350000000,5.05516e-09,1.62298,5.05141e-09,1.62178,6.84967,11.1086,5.05332e-09,1.62365,6.84437,11.1128
400000000,5.05824e-09,1.85255,5.05449e-09,1.85118,6.86229,12.7033,5.05603e-09,1.85381,6.85463,12.7072
450000000,5.06174e-09,2.08118,5.05799e-09,2.07964,6.87672,14.3011,5.0591e-09,2.08325,6.86634,14.3043
500000000,5.06565e-09,2.30874,5.0619e-09,2.30704,6.89301,15.9024,5.06254e-09,2.31186,6.8795,15.9044
550000000,5.06997e-09,2.53509,5.06622e-09,2.53322,6.9112,17.5076,5.06634e-09,2.53954,6.89417,17.508
600000000,5.0747e-09,2.76008,5.07095e-09,2.75805,6.93135,19.117,5.0705e-09,2.76618,6.91037,19.1153
650000000,5.07984e-09,2.98358,5.07609e-09,2.98138,6.95352,20.7311,5.07503e-09,2.99169,6.92813,20.7268
700000000,5.0854e-09,3.20541,5.08164e-09,3.20306,6.97777,22.3502,5.07993e-09,3.21593,6.9475,22.3427
750000000,5.09136e-09,3.42543,5.08761e-09,3.42292,7.00418,23.9748,5.0852e-09,3.43881,6.96853,23.9634
800000000,5.09774e-09,3.64347,5.09398e-09,3.64081,7.03281,25.6052,5.09084e-09,3.6602,6.99125,25.5893
850000000,5.10453e-09,3.85936,5.10077e-09,3.85655,7.06375,27.2417,5.09684e-09,3.87997,7.01571,27.2207
900000000,5.11173e-09,4.07293,5.10797e-09,4.06997,7.09707,28.8849,5.10322e-09,4.098,7.04198,28.858
950000000,5.11934e-09,4.28399,5.11558e-09,4.28089,7.13287,30.535,5.10997e-09,4.31416,7.07009,30.5015
1000000000,5.12737e-09,4.49237,5.12361e-09,4.48913,7.17122,32.1926,5.1171e-09,4.52833,7.10012,32.1517
1050000000,5.13581e-09,4.69789,5.13204e-09,4.69452,7.21222,33.8579,5.1246e-09,4.74035,7.13212,33.8087
1100000000,5.14466e-09,4.90036,5.1409e-09,4.89685,7.25596,35.5313,5.13247e-09,4.9501,7.16615,35.4731
1150000000,5.15393e-09,5.09959,5.15016e-09,5.09595,7.30254,37.2133,5.14073e-09,5.15742,7.20228,37.1452
1200000000,5.16362e-09,5.29539,5.15985e-09,5.29163,7.35205,38.9043,5.14937e-09,5.36218,7.24058,38.8253
1250000000,5.17372e-09,5.48759,5.16995e-09,5.48371,7.40461,40.6047,5.15839e-09,5.56424,7.28112,40.5139
1300000000,5.18424e-09,5.67599,5.18047e-09,5.67199,7.46031,42.3148,5.1678e-09,5.76344,7.32397,42.2113
1350000000,5.19518e-09,5.86042,5.19141e-09,5.85631,7.51926,44.0351,5.17759e-09,5.95964,7.36922,43.9179
1400000000,5.20655e-09,6.04069,5.20277e-09,6.03648,7.58157,45.766,5.18777e-09,6.15268,7.41693,45.634
1450000000,5.21834e-09,6.21665,5.21456e-09,6.21233,7.64734,47.5079,5.19835e-09,6.34243,7.46719,47.3602
1500000000,5.23055e-09,6.38813,5.22677e-09,6.38372,7.71669,49.2612,5.20932e-09,6.52874,7.52008,49.0966
1550000000,5.24319e-09,6.55496,5.23941e-09,6.55046,7.78973,51.0263,5.22068e-09,6.71146,7.57568,50.8439
1600000000,5.25627e-09,6.71702,5.25249e-09,6.71243,7.86656,52.8038,5.23245e-09,6.89045,7.63409,52.6023
1650000000,5.26978e-09,6.87414,5.266e-09,6.86948,7.94732,54.5939,5.24462e-09,7.06557,7.69539,54.3723
1700000000,5.28373e-09,7.02622,5.27994e-09,7.02148,8.0321,56.3973,5.2572e-09,7.23668,7.75968,56.1543
1750000000,5.29812e-09,7.17313,5.29433e-09,7.16833,8.12104,58.2142,5.27019e-09,7.40366,7.82704,57.9487
1800000000,5.31296e-09,7.31477,5.30917e-09,7.3099,8.21424,60.0453,5.28359e-09,7.56638,7.89757,59.756
1850000000,5.32825e-09,7.45105,5.32446e-09,7.44613,8.31182,61.8909,5.29741e-09,7.72471,7.97137,61.5765
1900000000,5.34399e-09,7.5819,5.3402e-09,7.57693,8.4139,63.7516,5.31165e-09,7.87856,8.04852,63.4108
1950000000,5.3602e-09,7.70726,5.3564e-09,7.70224,8.52061,65.6278,5.32632e-09,8.02781,8.12914,65.2592
2000000000,5.37687e-09,7.82707,5.37307e-09,7.82201,8.63206,67.52,5.34142e-09,8.17237,8.21332,67.1223
2050000000,5.39402e-09,7.94129,5.39021e-09,7.9362,8.74837,69.4288,5.35696e-09,8.31215,8.30116,69.0005
2100000000,5.41164e-09,8.04992,5.40784e-09,8.0448,8.86967,71.3547,5.37294e-09,8.44706,8.39278,70.8943
2150000000,5.42975e-09,8.15295,5.42594e-09,8.1478,8.99607,73.2982,5.38937e-09,8.57705,8.48825,72.8041
2200000000,5.44835e-09,8.25037,5.44454e-09,8.24521,9.12772,75.26,5.40624e-09,8.70204,8.5877,74.7306
2250000000,5.46746e-09,8.34222,5.46365e-09,8.33705,9.26473,77.2405,5.42358e-09,8.822,8.69124,76.6741
2300000000,5.48707e-09,8.42854,5.48326e-09,8.42335,9.40722,79.2404,5.44139e-09,8.93689,8.79895,78.6352
2350000000,5.50721e-09,8.50936,5.50339e-09,8.50417,9.55534,81.2602,5.45966e-09,9.04668,8.91096,80.6145
2400000000,5.52787e-09,8.58475,5.52405e-09,8.57956,9.7092,83.3007,5.47842e-09,9.15135,9.02737,82.6126
2450000000,5.54907e-09,8.65478,5.54525e-09,8.6496,9.86896,85.3625,5.49766e-09,9.2509,9.14828,84.6299
2500000000,5.57082e-09,8.71953,5.567e-09,8.71436,10.0347,87.4462,5.5174e-09,9.34534,9.27382,86.667
2550000000,5.59313e-09,8.77909,5.58931e-09,8.77392,10.2067,89.5526,5.53764e-09,9.43468,9.4041,88.7247
2600000000,5.61602e-09,8.83355,5.61219e-09,8.8284,10.3849,91.6823,5.55839e-09,9.51896,9.53922,90.8034
2650000000,5.63949e-09,8.88303,5.63566e-09,8.8779,10.5696,93.8362,5.57967e-09,9.59821,9.6793,92.9039
2700000000,5.66356e-09,8.92766,5.65973e-09,8.92255,10.7609,96.0151,5.60147e-09,9.67249,9.82444,95.0268
2750000000,5.68825e-09,8.96751,5.68441e-09,8.96243,10.959,98.2196,5.62382e-09,9.74183,9.97479,97.1727
2800000000,5.71356e-09,9.00275,5.70972e-09,8.9977,11.164,100.451,5.64673e-09,9.80634,10.1304,99.3425
2850000000,5.73952e-09,9.03349,5.73568e-09,9.02847,11.3762,102.709,5.6702e-09,9.86607,10.2915,101.537
2900000000,5.76614e-09,9.05986,5.7623e-09,9.05487,11.5955,104.996,5.69425e-09,9.92111,10.4581,103.756
2950000000,5.79344e-09,9.082,5.78959e-09,9.07705,11.8224,107.312,5.71889e-09,9.97156,10.6304,106.002
3000000000,5.82144e-09,9.10004,5.81758e-09,9.09513,12.0569,109.659,5.74413e-09,10.0175,10.8085,108.274
3050000000,5.85015e-09,9.11411,5.84629e-09,9.10924,12.2992,112.037,5.76999e-09,10.0591,10.9925,110.574
3100000000,5.8796e-09,9.12436,5.87574e-09,9.11953,12.5496,114.447,5.79649e-09,10.0963,11.1826,112.903
3150000000,5.9098e-09,9.13091,5.90594e-09,9.12612,12.8083,116.89,5.82363e-09,10.1294,11.3789,115.262
3200000000,5.94078e-09,9.13389,5.93692e-09,9.12915,13.0756,119.369,5.85145e-09,10.1585,11.5815,117.65
3250000000,5.97257e-09,9.13345,5.9687e-09,9.12875,13.3515,121.883,5.87994e-09,10.1836,11.7906,120.071
3300000000,6.00518e-09,9.12969,6.00131e-09,9.12504,13.6366,124.434,5.90914e-09,10.2049,12.0064,122.523
3350000000,6.03865e-09,9.12275,6.03477e-09,9.11815,13.9309,127.024,5.93906e-09,10.2225,12.2289,125.009
3400000000,6.07299e-09,9.11275,6.06911e-09,9.10821,14.2348,129.653,5.96973e-09,10.2365,12.4584,127.53
3450000000,6.10824e-09,9.09979,6.10435e-09,9.0953,14.5486,132.324,6.00115e-09,10.2471,12.695,130.087
3500000000,6.14442e-09,9.08399,6.14053e-09,9.07956,14.8727,135.037,6.03337e-09,10.2543,12.939,132.681
3550000000,6.18158e-09,9.06547,6.17768e-09,9.06109,15.2073,137.795,6.06639e-09,10.2584,13.1904,135.313
3600000000,6.21973e-09,9.04431,6.21582e-09,9.03998,15.553,140.599,6.10025e-09,10.2594,13.4496,137.984
3650000000,6.25891e-09,9.02061,6.255e-09,9.01635,15.91,143.45,6.13496e-09,10.2574,13.7167,140.697
3700000000,6.29915e-09,8.99447,6.29524e-09,8.99026,16.2788,146.35,6.17057e-09,10.2525,13.9919,143.452
3750000000,6.3405e-09,8.96595,6.33658e-09,8.96181,16.6598,149.302,6.20709e-09,10.2449,14.2755,146.251
3800000000,6.38299e-09,8.93516,6.37907e-09,8.93107,17.0536,152.307,6.24455e-09,10.2347,14.5677,149.096
3850000000,6.42667e-09,8.90215,6.42274e-09,8.89813,17.4607,155.368,6.28299e-09,10.2218,14.8689,151.987
3900000000,6.47156e-09,8.86699,6.46763e-09,8.86303,17.8816,158.486,6.32244e-09,10.2066,15.1792,154.928
3950000000,6.51773e-09,8.82976,6.51379e-09,8.82586,18.317,161.663,6.36294e-09,10.1889,15.4991,157.919
4000000000,6.56521e-09,8.7905,6.56126e-09,8.78667,18.7673,164.902,6.40451e-09,10.169,15.8288,160.963
4050000000,6.61405e-09,8.74927,6.61009e-09,8.7455,19.2335,168.206,6.4472e-09,10.1468,16.1687,164.061
4100000000,6.6643e-09,8.70609,6.66034e-09,8.70239,19.7161,171.577,6.49105e-09,10.1225,16.5192,167.216
4150000000,6.71602e-09,8.66103,6.71205e-09,8.65739,20.216,175.018,6.53609e-09,10.0961,16.8807,170.43
4200000000,6.76926e-09,8.61411,6.76529e-09,8.61054,20.7341,178.532,6.58238e-09,10.0677,17.2537,173.705
4250000000,6.82408e-09,8.56538,6.8201e-09,8.56187,21.2712,182.121,6.62995e-09,10.0373,17.6385,177.043
4300000000,6.88055e-09,8.51482,6.87656e-09,8.51138,21.8283,185.789,6.67886e-09,10.005,18.0358,180.447
4350000000,6.93872e-09,8.4625,6.93472e-09,8.45913,22.4064,189.539,6.72915e-09,9.97073,18.446,183.92
4400000000,6.99866e-09,8.4084,6.99466e-09,8.4051,23.0068,193.374,6.78088e-09,9.9346,18.8699,187.464
4450000000,7.06046e-09,8.35256,7.05644e-09,8.34932,23.6306,197.299,6.83411e-09,9.89662,19.3079,191.083
4500000000,7.12417e-09,8.29498,7.12015e-09,8.29181,24.2791,201.317,6.88888e-09,9.85682,19.7608,194.778
4550000000,7.18988e-09,8.23565,7.18585e-09,8.23255,24.9537,205.433,6.94526e-09,9.81517,20.2294,198.555
4600000000,7.25768e-09,8.17459,7.25364e-09,8.17156,25.656,209.65,7.00332e-09,9.77171,20.7143,202.414
4650000000,7.32766e-09,8.1118,7.32361e-09,8.10884,26.3876,213.972,7.06312e-09,9.72643,21.2166,206.362
4700000000,7.39989e-09,8.04727,7.39584e-09,8.04438,27.1502,218.406,7.12473e-09,9.6793,21.7371,210.4
4750000000,7.4745e-09,7.98099,7.47043e-09,7.97817,27.9457,222.956,7.18823e-09,9.63033,22.2769,214.534
4800000000,7.55157e-09,7.91297,7.54749e-09,7.91022,28.7763,227.627,7.25369e-09,9.5795,22.8369,218.766
4850000000,7.63121e-09,7.84319,7.62712e-09,7.84051,29.6441,232.425,7.3212e-09,9.52678,23.4184,223.102
4900000000,7.71356e-09,7.77165,7.70945e-09,7.76904,30.5515,237.356,7.39084e-09,9.47214,24.0227,227.546
4950000000,7.79871e-09,7.69832,7.7946e-09,7.69578,31.5011,242.426,7.46271e-09,9.41555,24.6511,232.104
5000000000,7.88682e-09,7.62319,7.88269e-09,7.62072,32.4959,247.642,7.53691e-09,9.35697,25.3051,236.779
5050000000,7.978e-09,7.54625,7.97387e-09,7.54386,33.5387,253.011,7.61352e-09,9.29637,25.9862,241.578
5100000000,8.07242e-09,7.4675,8.06827e-09,7.46518,34.633,258.542,7.69267e-09,9.23371,26.6963,246.506
5150000000,8.17023e-09,7.38692,8.16607e-09,7.38467,35.7824,264.241,7.77446e-09,9.16893,27.4372,251.569
5200000000,8.27159e-09,7.30448,8.26742e-09,7.3023,36.9908,270.118,7.85902e-09,9.10199,28.2108,256.774
5250000000,8.37669e-09,7.2202,8.37249e-09,7.21809,38.2624,276.181,7.94648e-09,9.03284,29.0195,262.128
5300000000,8.4857e-09,7.13403,8.48149e-09,7.13199,39.602,282.441,8.03697e-09,8.96142,29.8656,267.638
5350000000,8.59883e-09,7.04598,8.59461e-09,7.04401,41.0147,288.908,8.13063e-09,8.88769,30.7517,273.311
5400000000,8.7163e-09,6.95605,8.71206e-09,6.95415,42.506,295.593,8.22762e-09,8.81159,31.6806,279.157
5450000000,8.83833e-09,6.86421,8.83407e-09,6.86238,44.0821,302.508,8.3281e-09,8.73309,32.6554,285.182
5500000000,8.96517e-09,6.77048,8.9609e-09,6.76872,45.7496,309.666,8.43225e-09,8.65211,33.6794,291.398
5550000000,9.09708e-09,6.67485,9.09279e-09,6.67315,47.5159,317.081,8.54024e-09,8.56862,34.7562,297.813
5600000000,9.23435e-09,6.5773,9.23004e-09,6.57567,49.3892,324.767,8.65229e-09,8.48256,35.8899,304.438
5650000000,9.37728e-09,6.47783,9.37295e-09,6.47627,51.3783,332.74,8.76859e-09,8.39388,37.0847,311.285
5700000000,9.52619e-09,6.37647,9.52184e-09,6.37497,53.4931,341.017,8.88937e-09,8.30255,38.3455,318.365
5750000000,9.68144e-09,6.2732,9.67707e-09,6.27177,55.7444,349.616,9.01487e-09,8.20851,39.6774,325.692
5800000000,9.84339e-09,6.16803,9.83901e-09,6.16667,58.1445,358.558,9.14536e-09,8.11173,41.0861,333.279
5850000000,1.00125e-08,6.06099,1.00081e-08,6.05968,60.7066,367.863,9.2811e-09,8.01218,42.5779,341.142
5900000000,1.01891e-08,5.95208,1.01847e-08,5.95084,63.4456,377.554,9.4224e-09,7.90983,44.1597,349.296
5950000000,1.03738e-08,5.84131,1.03693e-08,5.84013,66.3782,387.657,9.56957e-09,7.80464,45.8391,357.758
6000000000,1.0567e-08,5.72871,1.05625e-08,5.72759,69.5228,398.198,9.72296e-09,7.6966,47.6245,366.547
6050000000,1.07694e-08,5.6143,1.07648e-08,5.61324,72.9002,409.207,9.88295e-09,7.58571,49.5251,375.683
6100000000,1.09814e-08,5.4981,1.09769e-08,5.4971,76.534,420.715,1.00499e-08,7.47192,51.5514,385.188
6150000000,1.12038e-08,5.38014,1.11993e-08,5.3792,80.4502,432.757,1.02243e-08,7.35526,53.7146,395.085
6200000000,1.14374e-08,5.26047,1.14328e-08,5.25958,84.6782,445.372,1.04066e-08,7.23572,56.0274,405.399
6250000000,1.16828e-08,5.13909,1.16781e-08,5.13826,89.2518,458.599,1.05974e-08,7.1133,58.5041,416.157
6300000000,1.19409e-08,5.01606,1.19362e-08,5.01528,94.209,472.484,1.0797e-08,6.98802,61.1604,427.39
6350000000,1.22127e-08,4.89141,1.2208e-08,4.89068,99.5927,487.076,1.10063e-08,6.85991,64.0141,439.131
6400000000,1.24991e-08,4.76518,1.24944e-08,4.7645,105.453,502.429,1.12257e-08,6.72897,67.0851,451.414
6450000000,1.28014e-08,4.63743,1.27966e-08,4.63679,111.845,518.602,1.14561e-08,6.59526,70.3957,464.278
6500000000,1.31206e-08,4.50818,1.31158e-08,4.50759,118.835,535.659,1.16983e-08,6.4588,73.9713,477.766
6550000000,1.34582e-08,4.37749,1.34533e-08,4.37695,126.497,553.671,1.1953e-08,6.31964,77.8404,491.924
6600000000,1.38156e-08,4.24542,1.38107e-08,4.24493,134.918,572.716,1.22212e-08,6.17784,82.0355,506.803
6650000000,1.41944e-08,4.112,1.41894e-08,4.11155,144.198,592.879,1.2504e-08,6.03344,86.5938,522.459
6700000000,1.45963e-08,3.9773,1.45913e-08,3.97689,154.456,614.255,1.28026e-08,5.88652,91.5573,538.954
6750000000,1.50233e-08,3.84137,1.50182e-08,3.841,165.828,636.946,1.31181e-08,5.73713,96.9747,556.356
6800000000,1.54775e-08,3.70428,1.54723e-08,3.70395,178.476,661.065,1.34519e-08,5.58536,102.902,574.741
6850000000,1.5961e-08,3.56606,1.59558e-08,3.56576,192.592,686.735,1.38057e-08,5.43126,109.402,594.193
6900000000,1.64764e-08,3.42678,1.64712e-08,3.42651,208.402,714.091,1.41811e-08,5.27494,116.552,614.805
6950000000,1.70264e-08,3.28651,1.7021e-08,3.28628,226.176,743.276,1.458e-08,5.11647,124.437,636.68
7000000000,1.76135e-08,3.14528,1.76081e-08,3.14508,246.241,774.446,1.50045e-08,4.95594,133.16,659.933
7050000000,1.82409e-08,3.00317,1.82354e-08,3.003,268.986,807.764,1.54571e-08,4.79345,142.839,684.694
7100000000,1.89113e-08,2.86023,1.89058e-08,2.86009,294.885,843.398,1.59403e-08,4.62908,153.617,711.106
7150000000,1.96277e-08,2.71653,1.9622e-08,2.71641,324.514,881.516,1.64571e-08,4.46293,165.66,739.332
7200000000,2.03925e-08,2.57211,2.03867e-08,2.57202,358.579,922.274,1.70108e-08,4.2951,179.17,769.551
7250000000,2.12075e-08,2.42704,2.12017e-08,2.42697,397.945,965.801,1.76051e-08,4.12568,194.384,801.967
7300000000,2.20733e-08,2.28137,2.20674e-08,2.28132,443.677,1012.17,1.82441e-08,3.95478,211.594,836.807
7350000000,2.29884e-08,2.13516,2.29825e-08,2.13514,497.094,1061.36,1.89324e-08,3.7825,231.15,874.326
7400000000,2.39478e-08,1.98846,2.39418e-08,1.98845,559.827,1113.19,1.96751e-08,3.60892,253.485,914.806
7450000000,2.4941e-08,1.84133,2.49349e-08,1.84134,633.885,1167.2,2.04779e-08,3.43415,279.126,958.563
7500000000,2.59484e-08,1.69381,2.59424e-08,1.69384,721.737,1222.51,2.13467e-08,3.2583,308.732,1005.94
7550000000,2.69372e-08,1.54597,2.69312e-08,1.546,826.365,1277.56,2.22884e-08,3.08144,343.124,1057.32
7600000000,2.78532e-08,1.39784,2.78474e-08,1.39789,951.275,1329.77,2.33095e-08,2.90367,383.336,1113.08
7650000000,2.86113e-08,1.24947,2.86057e-08,1.24953,1100.39,1374.97,2.4417e-08,2.72509,430.678,1173.64
7700000000,2.9081e-08,1.10091,2.90758e-08,1.10098,1277.68,1406.7,2.56167e-08,2.54578,486.825,1239.35
7750000000,2.90702e-08,0.952213,2.90657e-08,0.952286,1486.26,1415.35,2.69127e-08,2.36583,553.93,1310.5
7800000000,2.83118e-08,0.80341,2.83083e-08,0.803488,1726.67,1387.36,2.83048e-08,2.18532,634.774,1387.18
7850000000,2.64659e-08,0.654544,2.64637e-08,0.654624,1993.92,1305.27,2.97852e-08,2.00433,732.963,1469.1
7900000000,2.3165e-08,0.505654,2.31645e-08,0.505735,2273.56,1149.82,3.13325e-08,1.82293,853.161,1555.25
7950000000,1.81318e-08,0.356776,1.81331e-08,0.356856,2538.2,905.774,3.29003e-08,1.6412,1001.35,1643.42
8000000000,1.13721e-08,0.207947,1.13749e-08,0.208024,2748.56,571.767,3.44011e-08,1.45921,1185.01,1729.19
8050000000,3.35136e-09,0.059198,3.3552e-09,0.0592706,2863.22,169.705,3.5677e-08,1.27702,1413.08,1804.53
8100000000,-5.01912e-09,-0.0894381,-5.01517e-09,-0.0893718,2855.95,-255.241,3.64588e-08,1.09469,1695.03,1855.53
8150000000,-1.26827e-08,-0.237932,-1.26793e-08,-0.237874,2729.52,-649.283,3.63114e-08,0.912283,2038.22,1859.43
8200000000,-1.88466e-08,-0.386255,-1.88443e-08,-0.386207,2513.93,-970.899,3.4589e-08,0.729849,2441.73,1782.1
8250000000,-2.3204e-08,-0.534382,-2.32028e-08,-0.534345,2250.88,-1202.75,3.04699e-08,0.547442,2885.14,1579.45
8300000000,-2.58708e-08,-0.682285,-2.58705e-08,-0.682262,1977.48,-1349.16,2.32077e-08,0.365108,3314.89,1210.29
8350000000,-2.71838e-08,-0.829944,-2.71842e-08,-0.829937,1718.45,-1426.21,1.26944e-08,0.182891,3641.54,666.007
8400000000,-2.7522e-08,-0.977336,-2.75229e-08,-0.977345,1486.3,-1452.62,5.9503e-11,0.000833128,3769.52,3.1405
8450000000,-2.7213e-08,-1.12444,-2.72142e-08,-1.12447,1284.95,-1444.88,-1.24641e-08,-0.181028,3655.52,-661.754
8500000000,-2.65039e-08,-1.27123,-2.65053e-08,-1.27128,1113.5,-1415.57,-2.26889e-08,-0.362659,3341.29,-1211.75
8550000000,-2.55673e-08,-1.4177,-2.55688e-08,-1.41777,968.833,-1373.59,-2.95827e-08,-0.544024,2921.23,-1589.22
8600000000,-2.45177e-08,-1.56382,-2.45193e-08,-1.56392,847.171,-1324.91,-3.33371e-08,-0.725093,2484.34,-1801.38
8650000000,-2.34282e-08,-1.70958,-2.34299e-08,-1.70971,744.807,-1273.4,-3.47418e-08,-0.90584,2084.48,-1888.2
8700000000,-2.23439e-08,-1.85497,-2.23457e-08,-1.85512,658.444,-1221.5,-3.46297e-08,-1.08624,1742.7,-1892.99
8750000000,-2.12914e-08,-1.99996,-2.12932e-08,-2.00015,585.285,-1170.66,-3.36417e-08,-1.26626,1460.64,-1849.55
8800000000,-2.02855e-08,-2.14455,-2.02874e-08,-2.14476,523.009,-1121.73,-3.22037e-08,-1.44588,1231.5,-1780.61
8850000000,-1.93335e-08,-2.28871,-1.93354e-08,-2.28896,469.718,-1075.17,-3.05754e-08,-1.62509,1046.21,-1700.18
8900000000,-1.84379e-08,-2.43244,-1.84398e-08,-2.43273,423.871,-1031.16,-2.89064e-08,-1.80385,896.113,-1616.45
8950000000,-1.75986e-08,-2.57572,-1.76005e-08,-2.57604,384.216,-989.756,-2.72781e-08,-1.98215,773.892,-1533.97
9000000000,-1.68136e-08,-2.71853,-1.68156e-08,-2.7189,349.737,-950.9,-2.5732e-08,-2.15997,673.671,-1455.11
9050000000,-1.60803e-08,-2.86087,-1.60823e-08,-2.86128,319.607,-914.485,-2.42861e-08,-2.33729,590.845,-1380.98
9100000000,-1.53953e-08,-3.00272,-1.53974e-08,-3.00317,293.149,-880.377,-2.29455e-08,-2.51408,521.844,-1311.96
9150000000,-1.47555e-08,-3.14406,-1.47575e-08,-3.14456,269.808,-848.428,-2.17085e-08,-2.69033,463.899,-1248.04
9200000000,-1.41573e-08,-3.28488,-1.41594e-08,-3.28543,249.127,-818.488,-2.05693e-08,-2.86602,414.867,-1189.02
9250000000,-1.35976e-08,-3.42517,-1.35998e-08,-3.42577,230.725,-790.41,-1.9521e-08,-3.04112,373.07,-1134.55
9300000000,-1.30734e-08,-3.56491,-1.30756e-08,-3.56556,214.287,-764.053,-1.85559e-08,-3.21561,337.196,-1084.29
9350000000,-1.25819e-08,-3.70408,-1.25841e-08,-3.70478,199.549,-739.285,-1.76666e-08,-3.38948,306.204,-1037.87
9400000000,-1.21204e-08,-3.84269,-1.21226e-08,-3.84345,186.287,-715.983,-1.68458e-08,-3.56268,279.269,-994.946
9450000000,-1.16865e-08,-3.98067,-1.16888e-08,-3.98149,174.315,-694.034,-1.60871e-08,-3.73521,255.725,-955.187
9500000000,-1.12782e-08,-4.11806,-1.12805e-08,-4.11894,163.473,-673.333,-1.53844e-08,-3.90703,235.037,-918.297
9550000000,-1.08933e-08,-4.25482,-1.08956e-08,-4.25576,153.624,-653.786,-1.47324e-08,-4.0781,216.769,-884.008
9600000000,-1.05301e-08,-4.39091,-1.05325e-08,-4.39192,144.653,-635.303,-1.41262e-08,-4.24841,200.563,-852.075
9650000000,-1.0187e-08,-4.52633,-1.01893e-08,-4.5274,136.459,-617.807,-1.35617e-08,-4.41792,186.124,-822.282
9700000000,-9.86233e-09,-4.66106,-9.86471e-09,-4.66221,128.957,-601.223,-1.30348e-08,-4.58658,173.208,-794.433
9750000000,-9.55484e-09,-4.79509,-9.55724e-09,-4.7963,122.07,-585.486,-1.25423e-08,-4.75438,161.61,-768.353
9800000000,-9.26326e-09,-4.92836,-9.26567e-09,-4.92964,115.736,-570.536,-1.2081e-08,-4.92127,151.158,-743.889
9850000000,-8.98643e-09,-5.06089,-8.98887e-09,-5.06225,109.895,-556.315,-1.16482e-08,-5.08721,141.708,-720.899
9900000000,-8.72334e-09,-5.19262,-8.7258e-09,-5.19406,104.499,-542.775,-1.12415e-08,-5.25216,133.138,-699.259
9950000000,-8.47303e-09,-5.32355,-8.4755e-09,-5.32507,99.5045,-529.869,-1.08587e-08,-5.41607,125.341,-678.858
1e+10,-8.23463e-09,-5.45366,-8.23712e-09,-5.45526,94.8724,-517.553,-1.04978e-08,-5.57891,118.23,-659.595
1.005e+10,-8.00735e-09,-5.58289,-8.00986e-09,-5.58458,90.5692,-505.791,-1.01571e-08,-5.74062,111.726,-641.379
1.01e+10,-7.79046e-09,-5.71124,-7.79298e-09,-5.71301,86.5646,-494.544,-9.83498e-09,-5.90115,105.764,-624.129
1.015e+10,-7.58329e-09,-5.83868,-7.58584e-09,-5.84054,82.8316,-483.782,-9.53004e-09,-6.06047,100.285,-607.772
1.02e+10,-7.38524e-09,-5.96517,-7.38779e-09,-5.96712,79.3469,-473.473,-9.24099e-09,-6.21852,95.2383,-592.241
1.025e+10,-7.19573e-09,-6.0907,-7.1983e-09,-6.09274,76.0888,-463.59,-8.96664e-09,-6.37524,90.5809,-577.476
1.03e+10,-7.01424e-09,-6.21523,-7.01683e-09,-6.21736,73.0385,-454.107,-8.70595e-09,-6.53059,86.2742,-563.421
1.035e+10,-6.8403e-09,-6.33872,-6.8429e-09,-6.34096,70.1787,-445,-8.45795e-09,-6.68451,82.2841,-550.029
1.04e+10,-6.67345e-09,-6.46116,-6.67607e-09,-6.46349,67.4942,-436.248,-8.22176e-09,-6.83695,78.5806,-537.252
1.045e+10,-6.51329e-09,-6.58253,-6.51592e-09,-6.58496,64.9709,-427.831,-7.99658e-09,-6.98786,75.1374,-525.05
1.05e+10,-6.35945e-09,-6.70278,-6.36209e-09,-6.70531,62.5965,-419.729,-7.78169e-09,-7.13718,71.9311,-513.385
1.055e+10,-6.21155e-09,-6.82185,-6.21421e-09,-6.82449,60.3598,-411.925,-7.57642e-09,-7.28486,68.9406,-502.222
1.06e+10,-6.06929e-09,-6.93977,-6.07195e-09,-6.94252,58.2501,-404.403,-7.38014e-09,-7.43085,66.1473,-491.53
1.065e+10,-5.93235e-09,-7.05648,-5.93502e-09,-7.05934,56.2584,-397.148,-7.19231e-09,-7.57509,63.5346,-481.28
1.07e+10,-5.80044e-09,-7.17197,-5.80313e-09,-7.17494,54.3761,-390.145,-7.0124e-09,-7.71754,61.0874,-471.444
1.075e+10,-5.67332e-09,-7.28619,-5.67602e-09,-7.28928,52.5954,-383.382,-6.83993e-09,-7.85815,58.7922,-461.998
1.08e+10,-5.55072e-09,-7.39912,-5.55343e-09,-7.40232,50.9093,-376.847,-6.67447e-09,-7.99684,56.6372,-452.919
1.085e+10,-5.43242e-09,-7.51072,-5.43515e-09,-7.51405,49.3113,-370.528,-6.51561e-09,-8.13361,54.6112,-444.186
1.09e+10,-5.31821e-09,-7.62099,-5.32094e-09,-7.62444,47.7955,-364.414,-6.36298e-09,-8.26838,52.7043,-435.779
1.095e+10,-5.20789e-09,-7.7299,-5.21063e-09,-7.73347,46.3564,-358.496,-6.21622e-09,-8.40113,50.9076,-427.681
1.1e+10,-5.10125e-09,-7.83741,-5.10401e-09,-7.84111,44.989,-352.764,-6.07501e-09,-8.53182,49.2128,-419.874
1.105e+10,-4.99814e-09,-7.94349,-5.0009e-09,-7.94731,43.6888,-347.209,-5.93905e-09,-8.66037,47.6127,-412.344
1.11e+10,-4.89838e-09,-8.04813,-4.90116e-09,-8.05209,42.4515,-341.823,-5.80807e-09,-8.78678,46.1004,-405.074
1.115e+10,-4.80182e-09,-8.15132,-4.8046e-09,-8.15541,41.273,-336.599,-5.6818e-09,-8.91102,44.6697,-398.052
1.12e+10,-4.70832e-09,-8.25302,-4.71111e-09,-8.25725,40.15,-331.528,-5.56e-09,-9.03303,43.3151,-391.266
1.125e+10,-4.61772e-09,-8.35324,-4.62052e-09,-8.35761,39.0788,-326.605,-5.44244e-09,-9.15281,42.0312,-384.703
1.13e+10,-4.52992e-09,-8.45192,-4.53272e-09,-8.45643,38.0566,-321.823,-5.32892e-09,-9.27031,40.8134,-378.353
1.135e+10,-4.44477e-09,-8.54907,-4.44759e-09,-8.55373,37.0804,-317.176,-5.21923e-09,-9.38553,39.6573,-372.205
1.14e+10,-4.36217e-09,-8.64468,-4.365e-09,-8.64948,36.1475,-312.657,-5.11319e-09,-9.49844,38.5589,-366.249
1.145e+10,-4.28202e-09,-8.73873,-4.28485e-09,-8.74367,35.2555,-308.262,-5.01062e-09,-9.60902,37.5144,-360.477
1.15e+10,-4.20419e-09,-8.83119,-4.20703e-09,-8.83629,34.402,-303.986,-4.91137e-09,-9.71727,36.5205,-354.879
1.155e+10,-4.12861e-09,-8.92207,-4.13146e-09,-8.92732,33.5849,-299.823,-4.81528e-09,-9.82316,35.574,-349.449
1.16e+10,-4.05518e-09,-9.01136,-4.05803e-09,-9.01676,32.8022,-295.769,-4.72221e-09,-9.9267,34.6719,-344.178
1.165e+10,-3.9838e-09,-9.09907,-3.98666e-09,-9.10463,32.0518,-291.82,-4.63201e-09,-10.0279,33.8116,-339.059
1.17e+10,-3.9144e-09,-9.18515,-3.91727e-09,-9.19087,31.3323,-287.971,-4.54457e-09,-10.1267,32.9906,-334.086
1.175e+10,-3.84691e-09,-9.26962,-3.84978e-09,-9.27551,30.6419,-284.219,-4.45976e-09,-10.2232,32.2065,-329.253
1.18e+10,-3.78123e-09,-9.35251,-3.78411e-09,-9.35856,29.979,-280.56,-4.37747e-09,-10.3173,31.4571,-324.553
1.185e+10,-3.71732e-09,-9.43378,-3.7202e-09,-9.43999,29.3422,-276.99,-4.29759e-09,-10.4091,30.7405,-319.981
1.19e+10,-3.65509e-09,-9.51343,-3.65798e-09,-9.51982,28.7302,-273.507,-4.22003e-09,-10.4985,30.0547,-315.531
1.195e+10,-3.59448e-09,-9.59148,-3.59738e-09,-9.59803,28.1418,-270.106,-4.14467e-09,-10.5857,29.3981,-311.199
1.2e+10,-3.53544e-09,-9.66792,-3.53834e-09,-9.67465,27.5757,-266.785,-4.07144e-09,-10.6705,28.769,-306.98
1.205e+10,-3.4779e-09,-9.74276,-3.48081e-09,-9.74966,27.0307,-263.541,-4.00025e-09,-10.7531,28.1658,-302.869
1.21e+10,-3.42182e-09,-9.81603,-3.42473e-09,-9.82311,26.5059,-260.371,-3.93102e-09,-10.8334,27.5871,-298.862
1.215e+10,-3.36713e-09,-9.8877,-3.37005e-09,-9.89497,26.0003,-257.272,-3.86367e-09,-10.9114,27.0317,-294.955
1.22e+10,-3.31379e-09,-9.95779,-3.31672e-09,-9.96524,25.513,-254.243,-3.79812e-09,-10.9873,26.4983,-291.144
1.225e+10,-3.26176e-09,-10.0263,-3.26469e-09,-10.034,25.043,-251.28,-3.73431e-09,-11.061,25.9856,-287.426
1.23e+10,-3.21097e-09,-10.0933,-3.21391e-09,-10.1011,24.5895,-248.381,-3.67217e-09,-11.1325,25.4927,-283.797
1.235e+10,-3.16141e-09,-10.1587,-3.16435e-09,-10.1667,24.1518,-245.545,-3.61164e-09,-11.2018,25.0185,-280.253
1.24e+10,-3.11301e-09,-10.2226,-3.11596e-09,-10.2308,23.7291,-242.769,-3.55265e-09,-11.2691,24.562,-276.792
1.245e+10,-3.06574e-09,-10.285,-3.0687e-09,-10.2934,23.3208,-240.051,-3.49516e-09,-11.3343,24.1223,-273.411
1.25e+10,-3.01957e-09,-10.3459,-3.02253e-09,-10.3545,22.9261,-237.389,-3.4391e-09,-11.3975,23.6986,-270.106
1.255e+10,-2.97445e-09,-10.4053,-2.97742e-09,-10.4141,22.5445,-234.781,-3.38443e-09,-11.4587,23.2901,-266.875
1.26e+10,-2.93036e-09,-10.4632,-2.93333e-09,-10.4722,22.1754,-232.226,-3.33109e-09,-11.518,22.8961,-263.716
1.265e+10,-2.88725e-09,-10.5197,-2.89023e-09,-10.5289,21.8182,-229.722,-3.27904e-09,-11.5753,22.5158,-260.626
1.27e+10,-2.8451e-09,-10.5748,-2.84808e-09,-10.5841,21.4724,-227.267,-3.22823e-09,-11.6307,22.1485,-257.602
1.275e+10,-2.80388e-09,-10.6283,-2.80686e-09,-10.638,21.1375,-224.86,-3.17863e-09,-11.6842,21.7937,-254.642
1.28e+10,-2.76355e-09,-10.6806,-2.76654e-09,-10.6904,20.813,-222.499,-3.13018e-09,-11.7359,21.4508,-251.744
1.285e+10,-2.7241e-09,-10.7314,-2.72709e-09,-10.7414,20.4985,-220.182,-3.08286e-09,-11.7858,21.1192,-248.907
1.29e+10,-2.68548e-09,-10.7808,-2.68848e-09,-10.791,20.1936,-217.91,-3.03661e-09,-11.8339,20.7984,-246.127
1.295e+10,-2.64768e-09,-10.8289,-2.65068e-09,-10.8393,19.8978,-215.679,-2.99142e-09,-11.8804,20.4879,-243.403
1.3e+10,-2.61068e-09,-10.8756,-2.61368e-09,-10.8863,19.6108,-213.489,-2.94723e-09,-11.9251,20.1872,-240.734
1.305e+10,-2.57443e-09,-10.921,-2.57744e-09,-10.9319,19.3323,-211.339,-2.90403e-09,-11.9681,19.896,-238.117
1.31e+10,-2.53894e-09,-10.9651,-2.54195e-09,-10.9762,19.0619,-209.227,-2.86177e-09,-12.0095,19.6137,-235.551
1.315e+10,-2.50416e-09,-11.0079,-2.50718e-09,-11.0193,18.7992,-207.153,-2.82043e-09,-12.0493,19.34,-233.035
1.32e+10,-2.47009e-09,-11.0495,-2.47311e-09,-11.061,18.544,-205.115,-2.77998e-09,-12.0876,19.0746,-230.566
1.325e+10,-2.43669e-09,-11.0897,-2.43972e-09,-11.1015,18.2959,-203.112,-2.74038e-09,-12.1242,18.8171,-228.143
1.33e+10,-2.40396e-09,-11.1287,-2.40699e-09,-11.1407,18.0548,-201.143,-2.70163e-09,-12.1594,18.5672,-225.765
1.335e+10,-2.37187e-09,-11.1665,-2.3749e-09,-11.1787,17.8202,-199.208,-2.66368e-09,-12.193,18.3245,-223.431
1.34e+10,-2.3404e-09,-11.203,-2.34344e-09,-11.2155,17.5921,-197.305,-2.62651e-09,-12.2251,18.0888,-221.138
1.345e+10,-2.30954e-09,-11.2384,-2.31258e-09,-11.2511,17.3701,-195.433,-2.59011e-09,-12.2558,17.8598,-218.887
1.35e+10,-2.27926e-09,-11.2725,-2.2823e-09,-11.2855,17.1541,-193.592,-2.55444e-09,-12.2851,17.6373,-216.675
1.355e+10,-2.24956e-09,-11.3054,-2.25261e-09,-11.3186,16.9438,-191.78,-2.51949e-09,-12.3129,17.4209,-214.502
1.36e+10,-2.22041e-09,-11.3372,-2.22346e-09,-11.3506,16.739,-189.998,-2.48523e-09,-12.3393,17.2105,-212.366
1.365e+10,-2.19181e-09,-11.3678,-2.19486e-09,-11.3815,16.5395,-188.243,-2.45165e-09,-12.3644,17.0058,-210.267
1.37e+10,-2.16373e-09,-11.3972,-2.16679e-09,-11.4111,16.3451,-186.516,-2.41872e-09,-12.3881,16.8067,-208.202
1.375e+10,-2.13617e-09,-11.4255,-2.13923e-09,-11.4396,16.1558,-184.816,-2.38643e-09,-12.4104,16.6129,-206.172
1.38e+10,-2.1091e-09,-11.4526,-2.11216e-09,-11.467,15.9712,-183.142,-2.35475e-09,-12.4314,16.4242,-204.176
1.385e+10,-2.08252e-09,-11.4786,-2.08559e-09,-11.4932,15.7912,-181.492,-2.32368e-09,-12.451,16.2405,-202.212
1.39e+10,-2.05641e-09,-11.5034,-2.05948e-09,-11.5183,15.6158,-179.868,-2.29319e-09,-12.4694,16.0617,-200.279
1.395e+10,-2.03077e-09,-11.5271,-2.03384e-09,-11.5423,15.4447,-178.267,-2.26327e-09,-12.4864,15.8875,-198.377
1.4e+10,-2.00557e-09,-11.5497,-2.00865e-09,-11.5651,15.2778,-176.69,-2.23391e-09,-12.5021,15.7177,-196.505
1.405e+10,-1.98081e-09,-11.5712,-1.98389e-09,-11.5868,15.115,-175.136,-2.20508e-09,-12.5165,15.5524,-194.661
1.41e+10,-1.95648e-09,-11.5915,-1.95956e-09,-11.6074,14.9562,-173.603,-2.17677e-09,-12.5296,15.3912,-192.847
1.415e+10,-1.93256e-09,-11.6107,-1.93565e-09,-11.6269,14.8012,-172.093,-2.14898e-09,-12.5415,15.2342,-191.059
1.42e+10,-1.90905e-09,-11.6288,-1.91214e-09,-11.6453,14.65,-170.604,-2.12168e-09,-12.5521,15.0811,-189.299
1.425e+10,-1.88593e-09,-11.6458,-1.88903e-09,-11.6625,14.5024,-169.135,-2.09486e-09,-12.5613,14.9319,-187.564
1.43e+10,-1.8632e-09,-11.6617,-1.8663e-09,-11.6787,14.3583,-167.686,-2.06851e-09,-12.5694,14.7864,-185.855
1.435e+10,-1.84085e-09,-11.6765,-1.84395e-09,-11.6937,14.2176,-166.257,-2.04263e-09,-12.5761,14.6445,-184.171
1.44e+10,-1.81886e-09,-11.6901,-1.82196e-09,-11.7077,14.0803,-164.848,-2.01719e-09,-12.5816,14.5062,-182.511
1.445e+10,-1.79724e-09,-11.7027,-1.80034e-09,-11.7205,13.9463,-163.457,-1.99218e-09,-12.5858,14.3713,-180.874
1.45e+10,-1.77596e-09,-11.7141,-1.77906e-09,-11.7322,13.8153,-162.084,-1.96761e-09,-12.5888,14.2398,-179.261
1.455e+10,-1.75502e-09,-11.7244,-1.75813e-09,-11.7428,13.6875,-160.729,-1.94344e-09,-12.5905,14.1115,-177.67
1.46e+10,-1.73442e-09,-11.7336,-1.73753e-09,-11.7523,13.5626,-159.392,-1.91968e-09,-12.5909,13.9864,-176.101
1.465e+10,-1.71414e-09,-11.7417,-1.71726e-09,-11.7606,13.4407,-158.071,-1.89632e-09,-12.5901,13.8644,-174.554
1.47e+10,-1.69419e-09,-11.7487,-1.6973e-09,-11.7679,13.3217,-156.768,-1.87334e-09,-12.588,13.7454,-173.027
1.475e+10,-1.67454e-09,-11.7546,-1.67766e-09,-11.774,13.2054,-155.481,-1.85073e-09,-12.5847,13.6293,-171.521
1.48e+10,-1.6552e-09,-11.7594,-1.65832e-09,-11.7791,13.0918,-154.209,-1.8285e-09,-12.5801,13.5161,-170.034
1.485e+10,-1.63615e-09,-11.763,-1.63928e-09,-11.783,12.9809,-152.954,-1.80662e-09,-12.5743,13.4057,-168.567
1.49e+10,-1.6174e-09,-11.7656,-1.62053e-09,-11.7859,12.8725,-151.713,-1.78509e-09,-12.5673,13.298,-167.119
1.495e+10,-1.59893e-09,-11.767,-1.60207e-09,-11.7876,12.7667,-150.488,-1.76391e-09,-12.559,13.193,-165.69
1.5e+10,-1.58075e-09,-11.7673,-1.58388e-09,-11.7882,12.6633,-149.277,-1.74306e-09,-12.5494,13.0906,-164.279
1.505e+10,-1.56283e-09,-11.7665,-1.56597e-09,-11.7877,12.5623,-148.081,-1.72253e-09,-12.5387,12.9907,-162.886
1.51e+10,-1.54518e-09,-11.7646,-1.54832e-09,-11.7861,12.4637,-146.898,-1.70233e-09,-12.5267,12.8933,-161.51
1.515e+10,-1.52779e-09,-11.7616,-1.53093e-09,-11.7834,12.3674,-145.73,-1.68244e-09,-12.5135,12.7983,-160.152
1.52e+10,-1.51065e-09,-11.7575,-1.5138e-09,-11.7795,12.2734,-144.575,-1.66285e-09,-12.4991,12.7057,-158.81
1.525e+10,-1.49377e-09,-11.7523,-1.49692e-09,-11.7746,12.1815,-143.433,-1.64356e-09,-12.4834,12.6154,-157.484
1.53e+10,-1.47713e-09,-11.746,-1.48028e-09,-11.7686,12.0918,-142.304,-1.62457e-09,-12.4666,12.5274,-156.174
1.535e+10,-1.46073e-09,-11.7386,-1.46389e-09,-11.7615,12.0042,-141.187,-1.60586e-09,-12.4487,12.4415,-154.88
1.54e+10,-1.44457e-09,-11.7302,-1.44772e-09,-11.7533,11.9186,-140.083,-1.58743e-09,-12.4295,12.3578,-153.601
1.545e+10,-1.42863e-09,-11.7206,-1.43179e-09,-11.7441,11.835,-138.991,-1.56927e-09,-12.4092,12.2762,-152.338
1.55e+10,-1.41292e-09,-11.71,-1.41608e-09,-11.7338,11.7534,-137.912,-1.55139e-09,-12.3877,12.1967,-151.089
1.555e+10,-1.39744e-09,-11.6983,-1.4006e-09,-11.7224,11.6737,-136.843,-1.53376e-09,-12.3651,12.1191,-149.854
1.56e+10,-1.38216e-09,-11.6855,-1.38533e-09,-11.7099,11.5959,-135.787,-1.5164e-09,-12.3414,12.0435,-148.634
1.565e+10,-1.3671e-09,-11.6718,-1.37027e-09,-11.6964,11.5199,-134.741,-1.49928e-09,-12.3165,11.9698,-147.427
1.57e+10,-1.35225e-09,-11.6569,-1.35542e-09,-11.6819,11.4457,-133.707,-1.48241e-09,-12.2906,11.898,-146.234
1.575e+10,-1.33761e-09,-11.6411,-1.34078e-09,-11.6663,11.3732,-132.684,-1.46578e-09,-12.2636,11.828,-145.054
1.58e+10,-1.32316e-09,-11.6242,-1.32633e-09,-11.6497,11.3025,-131.671,-1.44939e-09,-12.2356,11.7598,-143.888
1.585e+10,-1.30891e-09,-11.6063,-1.31208e-09,-11.6322,11.2334,-130.668,-1.43324e-09,-12.2065,11.6932,-142.734
1.59e+10,-1.29485e-09,-11.5875,-1.29803e-09,-11.6136,11.1659,-129.676,-1.41731e-09,-12.1764,11.6284,-141.593
1.595e+10,-1.28098e-09,-11.5676,-1.28416e-09,-11.5941,11.1,-128.694,-1.4016e-09,-12.1454,11.5652,-140.464
1.6e+10,-1.26729e-09,-11.5468,-1.27048e-09,-11.5735,11.0357,-127.722,-1.38611e-09,-12.1133,11.5036,-139.347
1.605e+10,-1.25379e-09,-11.525,-1.25697e-09,-11.5521,10.9729,-126.76,-1.37084e-09,-12.0803,11.4436,-138.242
1.61e+10,-1.24046e-09,-11.5023,-1.24365e-09,-11.5297,10.9116,-125.807,-1.35577e-09,-12.0464,11.3851,-137.149
1.615e+10,-1.22731e-09,-11.4787,-1.2305e-09,-11.5064,10.8517,-124.863,-1.34091e-09,-12.0116,11.328,-136.067
1.62e+10,-1.21433e-09,-11.4542,-1.21753e-09,-11.4821,10.7932,-123.929,-1.32626e-09,-11.9758,11.2724,-134.996
1.625e+10,-1.20152e-09,-11.4288,-1.20472e-09,-11.457,10.7361,-123.004,-1.3118e-09,-11.9393,11.2182,-133.937
1.63e+10,-1.18888e-09,-11.4025,-1.19207e-09,-11.4311,10.6803,-122.087,-1.29754e-09,-11.9019,11.1653,-132.888
1.635e+10,-1.17639e-09,-11.3754,-1.17959e-09,-11.4042,10.6258,-121.18,-1.28346e-09,-11.8637,11.1138,-131.85
1.64e+10,-1.16407e-09,-11.3475,-1.16727e-09,-11.3766,10.5727,-120.281,-1.26958e-09,-11.8247,11.0635,-130.823
1.645e+10,-1.1519e-09,-11.3187,-1.15511e-09,-11.3481,10.5207,-119.39,-1.25587e-09,-11.7849,11.0145,-129.805
1.65e+10,-1.13989e-09,-11.2891,-1.1431e-09,-11.3188,10.47,-118.508,-1.24235e-09,-11.7444,10.9667,-128.798
1.655e+10,-1.12803e-09,-11.2588,-1.13124e-09,-11.2888,10.4204,-117.634,-1.22901e-09,-11.7032,10.9201,-127.8
1.66e+10,-1.11631e-09,-11.2277,-1.11952e-09,-11.258,10.372,-116.767,-1.21584e-09,-11.6614,10.8746,-126.813
1.665e+10,-1.10475e-09,-11.1958,-1.10796e-09,-11.2265,10.3246,-115.909,-1.20283e-09,-11.6188,10.8302,-125.835
1.67e+10,-1.09332e-09,-11.1633,-1.09653e-09,-11.1942,10.2784,-115.058,-1.19e-09,-11.5757,10.7869,-124.866
1.675e+10,-1.08203e-09,-11.13,-1.08525e-09,-11.1612,10.2332,-114.215,-1.17733e-09,-11.5319,10.7447,-123.906
1.68e+10,-1.07089e-09,-11.0961,-1.07411e-09,-11.1276,10.1891,-113.38,-1.16482e-09,-11.4875,10.7034,-122.956
1.685e+10,-1.05988e-09,-11.0615,-1.0631e-09,-11.0933,10.1459,-112.552,-1.15247e-09,-11.4426,10.6631,-122.014
1.69e+10,-1.049e-09,-11.0263,-1.05222e-09,-11.0584,10.1037,-111.731,-1.14027e-09,-11.3972,10.6238,-121.081
1.695e+10,-1.03825e-09,-10.9904,-1.04147e-09,-11.0228,10.0625,-110.917,-1.12823e-09,-11.3512,10.5854,-120.157
1.7e+10,-1.02763e-09,-10.9539,-1.03086e-09,-10.9866,10.0222,-110.11,-1.11634e-09,-11.3048,10.5478,-119.241
1.705e+10,-1.01714e-09,-10.9169,-1.02037e-09,-10.9499,9.98279,-109.31,-1.10459e-09,-11.2578,10.5112,-118.333
1.71e+10,-1.00677e-09,-10.8792,-1.01e-09,-10.9125,9.94424,-108.517,-1.09299e-09,-11.2105,10.4753,-117.434
1.715e+10,-9.96522e-10,-10.8411,-9.99755e-10,-10.8747,9.90654,-107.73,-1.08153e-09,-11.1627,10.4403,-116.542
1.72e+10,-9.86395e-10,-10.8024,-9.8963e-10,-10.8363,9.86965,-106.95,-1.07021e-09,-11.1145,10.4061,-115.658
1.725e+10,-9.76386e-10,-10.7632,-9.79623e-10,-10.7973,9.83357,-106.176,-1.05903e-09,-11.0659,10.3726,-114.782
1.73e+10,-9.66493e-10,-10.7235,-9.69732e-10,-10.7579,9.79827,-105.409,-1.04798e-09,-11.017,10.3399,-113.914
1.735e+10,-9.56713e-10,-10.6833,-9.59954e-10,-10.718,9.76373,-104.648,-1.03706e-09,-10.9677,10.3078,-113.053
1.74e+10,-9.47046e-10,-10.6426,-9.50289e-10,-10.6777,9.72991,-103.893,-1.02627e-09,-10.9181,10.2765,-112.2
1.745e+10,-9.37488e-10,-10.6015,-9.40733e-10,-10.6368,9.69681,-103.143,-1.01561e-09,-10.8682,10.2458,-111.353
1.75e+10,-9.28039e-10,-10.56,-9.31286e-10,-10.5956,9.66441,-102.4,-1.00508e-09,-10.818,10.2158,-110.514
1.755e+10,-9.18696e-10,-10.518,-9.21944e-10,-10.5539,9.63271,-101.663,-9.94664e-10,-10.7675,10.1864,-109.681
1.76e+10,-9.09457e-10,-10.4756,-9.12708e-10,-10.5118,9.60166,-100.931,-9.84372e-10,-10.7167,10.1576,-108.856
1.765e+10,-9.00321e-10,-10.4329,-9.03574e-10,-10.4693,9.57125,-100.205,-9.742e-10,-10.6657,10.1294,-108.037
1.77e+10,-8.91287e-10,-10.3897,-8.94541e-10,-10.4265,9.54147,-99.484,-9.64144e-10,-10.6145,10.1018,-107.225
1.775e+10,-8.82351e-10,-10.3462,-8.85608e-10,-10.3833,9.5123,-98.7687,-9.54203e-10,-10.563,10.0747,-106.419
1.78e+10,-8.73513e-10,-10.3023,-8.76772e-10,-10.3397,9.48374,-98.0588,-9.44375e-10,-10.5113,10.0482,-105.62
1.785e+10,-8.64772e-10,-10.2581,-8.68032e-10,-10.2957,9.45577,-97.354,-9.34658e-10,-10.4594,10.0222,-104.826
1.79e+10,-8.56125e-10,-10.2136,-8.59387e-10,-10.2515,9.42836,-96.6544,-9.25049e-10,-10.4073,9.99677,-104.039
1.795e+10,-8.4757e-10,-10.1687,-8.50835e-10,-10.2068,9.40152,-95.9598,-9.15548e-10,-10.355,9.97182,-103.258
1.8e+10,-8.39108e-10,-10.1234,-8.42374e-10,-10.1619,9.37524,-95.2702,-9.06152e-10,-10.3026,9.94736,-102.483
1.805e+10,-8.30735e-10,-10.0779,-8.34003e-10,-10.1167,9.34948,-94.5855,-8.96859e-10,-10.2499,9.92339,-101.714
1.81e+10,-8.2245e-10,-10.0321,-8.2572e-10,-10.0711,9.32426,-93.9056,-8.87668e-10,-10.1971,9.8999,-100.951
1.815e+10,-8.14253e-10,-9.98594,-8.17525e-10,-10.0253,9.29955,-93.2304,-8.78578e-10,-10.1442,9.87687,-100.193
1.82e+10,-8.06141e-10,-9.93952,-8.09415e-10,-9.97911,9.27536,-92.5598,-8.69585e-10,-10.0911,9.8543,-99.4405
1.825e+10,-7.98113e-10,-9.8928,-8.01389e-10,-9.93267,9.25167,-91.8938,-8.6069e-10,-10.0378,9.83219,-98.6937
1.83e+10,-7.90168e-10,-9.84581,-7.93446e-10,-9.88595,9.22847,-91.2322,-8.51889e-10,-9.98441,9.81051,-97.9522
1.835e+10,-7.82305e-10,-9.79855,-7.85585e-10,-9.83897,9.20575,-90.5751,-8.43183e-10,-9.93087,9.78927,-97.216
1.84e+10,-7.74522e-10,-9.75102,-7.77804e-10,-9.79172,9.18351,-89.9224,-8.34568e-10,-9.87719,9.76845,-96.4849
1.845e+10,-7.66818e-10,-9.70321,-7.70102e-10,-9.74419,9.16175,-89.2739,-8.26044e-10,-9.82337,9.74807,-95.7589
1.85e+10,-7.59192e-10,-9.65513,-7.62477e-10,-9.69638,9.14047,-88.6295,-8.17609e-10,-9.76941,9.72811,-95.038
1.855e+10,-7.51642e-10,-9.6068,-7.54929e-10,-9.64833,9.11964,-87.9893,-8.09261e-10,-9.71533,9.70857,-94.3219
1.86e+10,-7.44168e-10,-9.55822,-7.47457e-10,-9.60002,9.09928,-87.3532,-8.01e-10,-9.66111,9.68944,-93.6107
1.865e+10,-7.36768e-10,-9.50937,-7.40058e-10,-9.55144,9.07938,-86.7211,-7.92824e-10,-9.60675,9.67073,-92.9043
1.87e+10,-7.2944e-10,-9.46027,-7.32733e-10,-9.50261,9.05992,-86.0929,-7.84732e-10,-9.55227,9.65242,-92.2025
1.875e+10,-7.22185e-10,-9.41092,-7.2548e-10,-9.45354,9.04091,-85.4686,-7.76722e-10,-9.49766,9.63452,-91.5054
1.88e+10,-7.15e-10,-9.36133,-7.18297e-10,-9.40421,9.02234,-84.848,-7.68792e-10,-9.44292,9.61702,-90.8128
1.885e+10,-7.07886e-10,-9.31148,-7.11184e-10,-9.35463,9.00423,-84.2312,-7.60943e-10,-9.38805,9.59993,-90.1246
1.89e+10,-7.00839e-10,-9.26139,-7.0414e-10,-9.30481,8.98655,-83.6181,-7.53172e-10,-9.33304,9.58325,-89.4408
1.895e+10,-6.93861e-10,-9.21105,-6.97163e-10,-9.25474,8.96932,-83.0087,-7.45478e-10,-9.27791,9.56696,-88.7614
1.9e+10,-6.86949e-10,-9.16048,-6.90253e-10,-9.20443,8.95251,-82.4028,-7.37861e-10,-9.22265,9.55108,-88.0862
1.905e+10,-6.80103e-10,-9.10965,-6.83409e-10,-9.15386,8.93616,-81.8004,-7.30318e-10,-9.16724,9.53561,-87.4152
1.91e+10,-6.73321e-10,-9.0586,-6.76629e-10,-9.10308,8.92022,-81.2015,-7.2285e-10,-9.11172,9.52052,-86.7484
1.915e+10,-6.66603e-10,-9.00729,-6.69913e-10,-9.05203,8.90474,-80.6059,-7.15454e-10,-9.05605,9.50586,-86.0856
1.92e+10,-6.59948e-10,-8.95575,-6.6326e-10,-9.00074,8.88968,-80.0138,-7.0813e-10,-9.00026,9.49159,-85.4268
1.925e+10,-6.53355e-10,-8.90397,-6.56669e-10,-8.94922,8.87506,-79.4249,-7.00876e-10,-8.94433,9.47773,-84.7719
1.93e+10,-6.46823e-10,-8.85195,-6.50138e-10,-8.89746,8.86088,-78.8393,-6.93692e-10,-8.88826,9.46427,-84.1209
1.935e+10,-6.40351e-10,-8.7997,-6.43668e-10,-8.84547,8.84712,-78.257,-6.86577e-10,-8.83206,9.45122,-83.4738
1.94e+10,-6.33938e-10,-8.74722,-6.37258e-10,-8.79324,8.8338,-77.6777,-6.79529e-10,-8.77573,9.43857,-82.8304
1.945e+10,-6.27584e-10,-8.6945,-6.30905e-10,-8.74078,8.82091,-77.1016,-6.72548e-10,-8.71927,9.42633,-82.1908
1.95e+10,-6.21288e-10,-8.64156,-6.24611e-10,-8.68809,8.80845,-76.5286,-6.65633e-10,-8.66268,9.4145,-81.5548
1.955e+10,-6.15048e-10,-8.58839,-6.18373e-10,-8.63516,8.79643,-75.9586,-6.58783e-10,-8.60595,9.40308,-80.9224
1.96e+10,-6.08864e-10,-8.53499,-6.12191e-10,-8.58202,8.78483,-75.3916,-6.51996e-10,-8.5491,9.39206,-80.2936
1.965e+10,-6.02736e-10,-8.48138,-6.06065e-10,-8.52865,8.77367,-74.8275,-6.45273e-10,-8.49211,9.38145,-79.6683
1.97e+10,-5.96662e-10,-8.42754,-5.99993e-10,-8.47506,8.76294,-74.2664,-6.38611e-10,-8.435,9.37125,-79.0465
1.975e+10,-5.90643e-10,-8.37349,-5.93975e-10,-8.42125,8.75263,-73.7081,-6.32011e-10,-8.37777,9.36146,-78.4281
1.98e+10,-5.84676e-10,-8.31923,-5.8801e-10,-8.36723,8.74276,-73.1526,-6.25472e-10,-8.32041,9.35208,-77.8131
1.985e+10,-5.78762e-10,-8.26476,-5.82098e-10,-8.31299,8.73331,-72.5999,-6.18992e-10,-8.26293,9.3431,-77.2014
1.99e+10,-5.72899e-10,-8.21008,-5.76237e-10,-8.25856,8.72429,-72.05,-6.12571e-10,-8.20534,9.33453,-76.593
1.995e+10,-5.67087e-10,-8.15521,-5.70427e-10,-8.20392,8.71569,-71.5028,-6.06208e-10,-8.14764,9.32637,-75.9879
2e+10,-5.61326e-10,-8.10014,-5.64668e-10,-8.14908,8.70752,-70.9583,-5.99902e-10,-8.08983,9.31861,-75.386
2.005e+10,-5.55615e-10,-8.04489,-5.58959e-10,-8.09406,8.69976,-70.4164,-5.93654e-10,-8.03192,9.31126,-74.7872
2.01e+10,-5.49953e-10,-7.98944,-5.53298e-10,-8.03885,8.69243,-69.8771,-5.87461e-10,-7.9739,9.3043,-74.1916
2.015e+10,-5.44339e-10,-7.93383,-5.47686e-10,-7.98346,8.68551,-69.3405,-5.81323e-10,-7.9158,9.29774,-73.599
2.02e+10,-5.38773e-10,-7.87804,-5.42122e-10,-7.9279,8.67901,-68.8063,-5.75239e-10,-7.8576,9.29158,-73.0096
2.025e+10,-5.33254e-10,-7.82209,-5.36605e-10,-7.87217,8.67292,-68.2747,-5.69209e-10,-7.79933,9.28581,-72.4231
2.03e+10,-5.27782e-10,-7.76598,-5.31135e-10,-7.81627,8.66725,-67.7456,-5.63233e-10,-7.74097,9.28043,-71.8396
2.035e+10,-5.22356e-10,-7.70971,-5.25711e-10,-7.76023,8.66197,-67.2189,-5.57309e-10,-7.68255,9.27544,-71.259
2.04e+10,-5.16975e-10,-7.6533,-5.20332e-10,-7.70403,8.65711,-66.6946,-5.51436e-10,-7.62406,9.27084,-70.6814
2.045e+10,-5.1164e-10,-7.59676,-5.14999e-10,-7.6477,8.65263,-66.1727,-5.45614e-10,-7.56551,9.26661,-70.1066
2.05e+10,-5.06348e-10,-7.54007,-5.09709e-10,-7.59123,8.64856,-65.6532,-5.39844e-10,-7.50691,9.26276,-69.5347
2.055e+10,-5.01101e-10,-7.48327,-5.04464e-10,-7.53464,8.64488,-65.1361,-5.34122e-10,-7.44827,9.25927,-68.9656
2.06e+10,-4.95897e-10,-7.42636,-4.99261e-10,-7.47794,8.64158,-64.6212,-5.2845e-10,-7.38959,9.25616,-68.3992
2.065e+10,-4.90735e-10,-7.36935,-4.94102e-10,-7.42113,8.63866,-64.1086,-5.22827e-10,-7.33089,9.25339,-67.8356
2.07e+10,-4.85616e-10,-7.31223,-4.88985e-10,-7.36421,8.63613,-63.5983,-5.17252e-10,-7.27216,9.25099,-67.2747
2.075e+10,-4.80539e-10,-7.25503,-4.83909e-10,-7.30721,8.63396,-63.0902,-5.11724e-10,-7.21343,9.24893,-66.7165
2.08e+10,-4.75502e-10,-7.19774,-4.78875e-10,-7.25012,8.63217,-62.5843,-5.06242e-10,-7.15468,9.24722,-66.1609
2.085e+10,-4.70507e-10,-7.14039,-4.73881e-10,-7.19296,8.63073,-62.0805,-5.00807e-10,-7.09595,9.24584,-65.608
2.09e+10,-4.65551e-10,-7.08297,-4.68927e-10,-7.13574,8.62964,-61.5789,-4.95418e-10,-7.03722,9.24479,-65.0576
2.095e+10,-4.60636e-10,-7.0255,-4.64014e-10,-7.07846,8.62891,-61.0794,-4.90074e-10,-6.97851,9.24406,-64.5098
2.1e+10,-4.55759e-10,-6.96799,-4.59139e-10,-7.02113,8.62852,-60.582,-4.84775e-10,-6.91983,9.24365,-63.9645
2.105e+10,-4.50921e-10,-6.91044,-4.54303e-10,-6.96377,8.62846,-60.0866,-4.79519e-10,-6.86119,9.24354,-63.4217
2.11e+10,-4.46122e-10,-6.85285,-4.49506e-10,-6.90637,8.62874,-59.5933,-4.74307e-10,-6.80258,9.24375,-62.8813
2.115e+10,-4.4136e-10,-6.79526,-4.44746e-10,-6.84896,8.62935,-59.102,-4.69138e-10,-6.74403,9.24424,-62.3434
2.12e+10,-4.36636e-10,-6.73765,-4.40024e-10,-6.79153,8.63027,-58.6127,-4.64011e-10,-6.68554,9.24501,-61.8079
2.125e+10,-4.31948e-10,-6.68003,-4.35338e-10,-6.73409,8.6315,-58.1253,-4.58926e-10,-6.62712,9.24607,-61.2748
2.13e+10,-4.27297e-10,-6.62243,-4.30689e-10,-6.67667,8.63304,-57.6399,-4.53883e-10,-6.56877,9.24739,-60.744
2.135e+10,-4.22682e-10,-6.56484,-4.26076e-10,-6.61925,8.63487,-57.1563,-4.4888e-10,-6.5105,9.24898,-60.2155
2.14e+10,-4.18102e-10,-6.50727,-4.21498e-10,-6.56185,8.637,-56.6747,-4.43918e-10,-6.45232,9.25082,-59.6893
2.145e+10,-4.13558e-10,-6.44974,-4.16955e-10,-6.50448,8.63941,-56.1949,-4.38996e-10,-6.39424,9.25291,-59.1653
2.15e+10,-4.09048e-10,-6.39224,-4.12448e-10,-6.44715,8.6421,-55.7169,-4.34113e-10,-6.33626,9.25524,-58.6436
2.155e+10,-4.04572e-10,-6.33479,-4.07974e-10,-6.38986,8.64506,-55.2407,-4.29269e-10,-6.2784,9.25779,-58.1241
2.16e+10,-4.0013e-10,-6.27739,-4.03534e-10,-6.33263,8.64828,-54.7663,-4.24463e-10,-6.22064,9.26057,-57.6067
2.165e+10,-3.95722e-10,-6.22005,-3.99127e-10,-6.27544,8.65177,-54.2937,-4.19695e-10,-6.16301,9.26358,-57.0915
2.17e+10,-3.91346e-10,-6.16277,-3.94754e-10,-6.21833,8.6555,-53.8227,-4.14964e-10,-6.1055,9.26678,-56.5784
2.175e+10,-3.87003e-10,-6.10557,-3.90413e-10,-6.16128,8.65948,-53.3535,-4.10271e-10,-6.04813,9.27019,-56.0673
2.18e+10,-3.82692e-10,-6.04845,-3.86104e-10,-6.10431,8.6637,-52.8859,-4.05614e-10,-5.99089,9.27379,-55.5583
2.185e+10,-3.78413e-10,-5.99141,-3.81826e-10,-6.04742,8.66815,-52.42,-4.00993e-10,-5.9338,9.27758,-55.0513
2.19e+10,-3.74165e-10,-5.93446,-3.7758e-10,-5.99062,8.67284,-51.9557,-3.96407e-10,-5.87685,9.28155,-54.5463
2.195e+10,-3.69948e-10,-5.8776,-3.73365e-10,-5.93391,8.67774,-51.493,-3.91857e-10,-5.82005,9.2857,-54.0433
2.2e+10,-3.65761e-10,-5.82084,-3.6918e-10,-5.8773,8.68286,-51.0318,-3.87341e-10,-5.76341,9.29001,-53.5421
2.205e+10,-3.61604e-10,-5.76419,-3.65026e-10,-5.82079,8.6882,-50.5722,-3.82859e-10,-5.70692,9.29448,-53.0429
2.21e+10,-3.57477e-10,-5.70764,-3.60901e-10,-5.76439,8.69373,-50.1141,-3.78411e-10,-5.6506,9.29911,-52.5455
2.215e+10,-3.5338e-10,-5.65121,-3.56805e-10,-5.7081,8.69947,-49.6575,-3.73996e-10,-5.59444,9.30389,-52.05
2.22e+10,-3.49311e-10,-5.59489,-3.52738e-10,-5.65192,8.70542,-49.2023,-3.69615e-10,-5.53844,9.30882,-51.5563
2.225e+10,-3.45271e-10,-5.53869,-3.487e-10,-5.59586,8.71155,-48.7486,-3.65265e-10,-5.48261,9.31388,-51.0644
2.23e+10,-3.41258e-10,-5.48261,-3.4469e-10,-5.53991,8.71788,-48.2962,-3.60948e-10,-5.42694,9.31909,-50.5742
2.235e+10,-3.37274e-10,-5.42665,-3.40708e-10,-5.48408,8.72439,-47.8453,-3.56662e-10,-5.37145,9.32443,-50.0857
2.24e+10,-3.33317e-10,-5.37082,-3.36753e-10,-5.42838,8.73109,-47.3957,-3.52407e-10,-5.31613,9.3299,-49.5989
2.245e+10,-3.29387e-10,-5.31511,-3.32825e-10,-5.37281,8.73797,-46.9474,-3.48183e-10,-5.26098,9.3355,-49.1138
2.25e+10,-3.25484e-10,-5.25954,-3.28923e-10,-5.31736,8.74503,-46.5005,-3.43989e-10,-5.20599,9.34122,-48.6303
2.255e+10,-3.21607e-10,-5.20409,-3.25049e-10,-5.26204,8.75227,-46.0548,-3.39825e-10,-5.15119,9.34706,-48.1484
2.26e+10,-3.17756e-10,-5.14877,-3.212e-10,-5.20684,8.75969,-45.6103,-3.35691e-10,-5.09655,9.35303,-47.6681
2.265e+10,-3.13931e-10,-5.09359,-3.17376e-10,-5.15178,8.76728,-45.1671,-3.31586e-10,-5.04208,9.35911,-47.1894
2.27e+10,-3.1013e-10,-5.03853,-3.13578e-10,-5.09685,8.77505,-44.7251,-3.27509e-10,-4.98778,9.36531,-46.7121
2.275e+10,-3.06355e-10,-4.98361,-3.09805e-10,-5.04205,8.783,-44.2843,-3.23461e-10,-4.93365,9.37163,-46.2364
2.28e+10,-3.02604e-10,-4.92882,-3.06056e-10,-4.98738,8.79111,-43.8446,-3.19441e-10,-4.87969,9.37807,-45.7621
2.285e+10,-2.98878e-10,-4.87416,-3.02332e-10,-4.93283,8.79941,-43.406,-3.15449e-10,-4.82589,9.38463,-45.2892
2.29e+10,-2.95175e-10,-4.81963,-2.98631e-10,-4.87842,8.80789,-42.9686,-3.11483e-10,-4.77226,9.39131,-44.8178
2.295e+10,-2.91496e-10,-4.76524,-2.94955e-10,-4.82414,8.81654,-42.5322,-3.07545e-10,-4.71879,9.39811,-44.3477
2.3e+10,-2.87841e-10,-4.71097,-2.91301e-10,-4.76998,8.82537,-42.0968,-3.03633e-10,-4.66548,9.40503,-43.879
2.305e+10,-2.84208e-10,-4.65684,-2.8767e-10,-4.71595,8.83438,-41.6625,-2.99747e-10,-4.61233,9.41208,-43.4116
2.31e+10,-2.80598e-10,-4.60283,-2.84062e-10,-4.66205,8.84358,-41.2292,-2.95887e-10,-4.55933,9.41925,-42.9455
2.315e+10,-2.7701e-10,-4.54895,-2.80477e-10,-4.60828,8.85296,-40.7969,-2.92052e-10,-4.50649,9.42656,-42.4807
2.32e+10,-2.73444e-10,-4.49519,-2.76913e-10,-4.55463,8.86254,-40.3656,-2.88243e-10,-4.4538,9.434,-42.0171
2.325e+10,-2.699e-10,-4.44156,-2.73371e-10,-4.5011,8.87231,-39.9351,-2.84458e-10,-4.40126,9.44158,-41.5548
2.33e+10,-2.66377e-10,-4.38805,-2.69851e-10,-4.44769,8.88228,-39.5056,-2.80698e-10,-4.34886,9.4493,-41.0937
2.335e+10,-2.62876e-10,-4.33467,-2.66351e-10,-4.39441,8.89245,-39.077,-2.76962e-10,-4.29661,9.45717,-40.6337
2.34e+10,-2.59395e-10,-4.28141,-2.62873e-10,-4.34124,8.90283,-38.6493,-2.7325e-10,-4.2445,9.46519,-40.1749
2.345e+10,-2.55936e-10,-4.22826,-2.59415e-10,-4.28819,8.91342,-38.2224,-2.69561e-10,-4.19252,9.47336,-39.7173
2.35e+10,-2.52496e-10,-4.17524,-2.55978e-10,-4.23526,8.92422,-37.7964,-2.65896e-10,-4.14069,9.4817,-39.2608
2.355e+10,-2.49077e-10,-4.12233,-2.52561e-10,-4.18244,8.93524,-37.3711,-2.62253e-10,-4.08899,9.4902,-38.8053
2.36e+10,-2.45677e-10,-4.06954,-2.49163e-10,-4.12974,8.9465,-36.9467,-2.58633e-10,-4.03742,9.49888,-38.351
2.365e+10,-2.42297e-10,-4.01687,-2.45785e-10,-4.07715,8.95797,-36.523,-2.55036e-10,-3.98598,9.50774,-37.8977
2.37e+10,-2.38936e-10,-3.96431,-2.42427e-10,-4.02468,8.9697,-36.1001,-2.51461e-10,-3.93467,9.51678,-37.4454
2.375e+10,-2.35595e-10,-3.91186,-2.39087e-10,-3.97232,8.98166,-35.678,-2.47908e-10,-3.88349,9.52601,-36.9942
2.38e+10,-2.32272e-10,-3.85953,-2.35767e-10,-3.92006,8.99387,-35.2565,-2.44376e-10,-3.83243,9.53544,-36.5439
2.385e+10,-2.28968e-10,-3.80731,-2.32465e-10,-3.86792,9.00634,-34.8358,-2.40865e-10,-3.7815,9.54507,-36.0946
2.39e+10,-2.25682e-10,-3.75521,-2.29182e-10,-3.81589,9.01906,-34.4158,-2.37376e-10,-3.73068,9.55491,-35.6463
2.395e+10,-2.22414e-10,-3.70321,-2.25916e-10,-3.76397,9.03205,-33.9964,-2.33908e-10,-3.67999,9.56497,-35.199
2.4e+10,-2.19165e-10,-3.65133,-2.22669e-10,-3.71216,9.04532,-33.5777,-2.3046e-10,-3.62942,9.57524,-34.7526
2.405e+10,-2.15933e-10,-3.59956,-2.1944e-10,-3.66046,9.05886,-33.1596,-2.27033e-10,-3.57896,9.58576,-34.3071
2.41e+10,-2.12719e-10,-3.54791,-2.16228e-10,-3.60887,9.07269,-32.7422,-2.23626e-10,-3.52862,9.5965,-33.8624
2.415e+10,-2.09522e-10,-3.49637,-2.13033e-10,-3.5574,9.08681,-32.3254,-2.20238e-10,-3.47841,9.60749,-33.4187
2.42e+10,-2.06342e-10,-3.44494,-2.09856e-10,-3.50603,9.10123,-31.9092,-2.16871e-10,-3.4283,9.61872,-32.9759
2.425e+10,-2.03179e-10,-3.39363,-2.06695e-10,-3.45478,9.11595,-31.4936,-2.13523e-10,-3.37832,9.6302,-32.5339
2.43e+10,-2.00034e-10,-3.34243,-2.03552e-10,-3.40364,9.13098,-31.0786,-2.10195e-10,-3.32846,9.64195,-32.0928
2.435e+10,-1.96904e-10,-3.29136,-2.00425e-10,-3.35262,9.14631,-30.6641,-2.06885e-10,-3.27871,9.65395,-31.6525
2.44e+10,-1.93791e-10,-3.2404,-1.97314e-10,-3.30171,9.16197,-30.2502,-2.03595e-10,-3.22908,9.66623,-31.2131
2.445e+10,-1.90695e-10,-3.18957,-1.9422e-10,-3.25093,9.17794,-29.8368,-2.00323e-10,-3.17958,9.67877,-30.7744
2.45e+10,-1.87614e-10,-3.13886,-1.91142e-10,-3.20026,9.19425,-29.424,-1.9707e-10,-3.13019,9.69161,-30.3366
2.455e+10,-1.8455e-10,-3.08827,-1.8808e-10,-3.14972,9.21089,-29.0117,-1.93835e-10,-3.08093,9.70472,-29.8995
2.46e+10,-1.81501e-10,-3.03781,-1.85033e-10,-3.0993,9.22786,-28.5999,-1.90619e-10,-3.03179,9.71811,-29.4633
2.465e+10,-1.78468e-10,-2.98749,-1.82003e-10,-3.04901,9.24517,-28.1887,-1.87421e-10,-2.98278,9.7318,-29.0278
2.47e+10,-1.7545e-10,-2.93729,-1.78987e-10,-2.99886,9.26283,-27.7779,-1.8424e-10,-2.9339,9.74578,-28.5931
2.475e+10,-1.72448e-10,-2.88724,-1.75987e-10,-2.94883,9.28083,-27.3676,-1.81078e-10,-2.88515,9.76006,-28.1592
2.48e+10,-1.69461e-10,-2.83732,-1.73003e-10,-2.89894,9.29918,-26.9578,-1.77933e-10,-2.83653,9.77463,-27.726
2.485e+10,-1.66489e-10,-2.78755,-1.70033e-10,-2.8492,9.31788,-26.5485,-1.74805e-10,-2.78805,9.7895,-27.2936
2.49e+10,-1.63531e-10,-2.73792,-1.67078e-10,-2.79959,9.33693,-26.1396,-1.71695e-10,-2.7397,9.80467,-26.8619
2.495e+10,-1.60589e-10,-2.68844,-1.64138e-10,-2.75013,9.35634,-25.7312,-1.68602e-10,-2.6915,9.82015,-26.4309
2.5e+10,-1.57661e-10,-2.63911,-1.61213e-10,-2.70082,9.37611,-25.3232,-1.65526e-10,-2.64344,9.83593,-26.0007
2.505e+10,-1.54747e-10,-2.58994,-1.58302e-10,-2.65167,9.39623,-24.9157,-1.62466e-10,-2.59553,9.85201,-25.5712
2.51e+10,-1.51848e-10,-2.54093,-1.55405e-10,-2.60267,9.41671,-24.5086,-1.59424e-10,-2.54777,9.86839,-25.1424
2.515e+10,-1.48963e-10,-2.49208,-1.52523e-10,-2.55384,9.43754,-24.1019,-1.56398e-10,-2.50016,9.88508,-24.7143
2.52e+10,-1.46093e-10,-2.44341,-1.49654e-10,-2.50517,9.45873,-23.6957,-1.53388e-10,-2.45271,9.90206,-24.2869
2.525e+10,-1.43236e-10,-2.3949,-1.468e-10,-2.45667,9.48028,-23.2899,-1.50395e-10,-2.40542,9.91934,-23.8602
2.53e+10,-1.40393e-10,-2.34657,-1.43959e-10,-2.40834,9.50218,-22.8845,-1.47418e-10,-2.35829,9.93692,-23.4342
2.535e+10,-1.37563e-10,-2.29842,-1.41133e-10,-2.36019,9.52443,-22.4794,-1.44456e-10,-2.31133,9.95478,-23.0088
2.54e+10,-1.34747e-10,-2.25045,-1.38319e-10,-2.31221,9.54703,-22.0748,-1.41511e-10,-2.26454,9.97294,-22.5842
2.545e+10,-1.31945e-10,-2.20267,-1.35519e-10,-2.26443,9.56998,-21.6705,-1.38581e-10,-2.21793,9.99138,-22.1601
2.55e+10,-1.29156e-10,-2.15508,-1.32733e-10,-2.21683,9.59327,-21.2666,-1.35667e-10,-2.17149,10.0101,-21.7368
2.555e+10,-1.2638e-10,-2.10768,-1.2996e-10,-2.16942,9.6169,-20.8631,-1.32769e-10,-2.12523,10.0291,-21.3141
2.56e+10,-1.23617e-10,-2.06048,-1.27199e-10,-2.12221,9.64087,-20.4599,-1.29886e-10,-2.07915,10.0484,-20.892
2.565e+10,-1.20867e-10,-2.01348,-1.24452e-10,-2.0752,9.66517,-20.0571,-1.27017e-10,-2.03326,10.0679,-20.4706
2.57e+10,-1.1813e-10,-1.96669,-1.21717e-10,-2.02838,9.6898,-19.6546,-1.24164e-10,-1.98756,10.0877,-20.0498
2.575e+10,-1.15405e-10,-1.9201,-1.18995e-10,-1.98178,9.71475,-19.2525,-1.21326e-10,-1.94205,10.1077,-19.6296
2.58e+10,-1.12693e-10,-1.87373,-1.16286e-10,-1.93538,9.74002,-18.8507,-1.18503e-10,-1.89673,10.128,-19.21
2.585e+10,-1.09993e-10,-1.82757,-1.13589e-10,-1.8892,9.7656,-18.4491,-1.15694e-10,-1.85161,10.1485,-18.7911
2.59e+10,-1.07306e-10,-1.78162,-1.10904e-10,-1.84322,9.79148,-18.0479,-1.129e-10,-1.80669,10.1693,-18.3727
2.595e+10,-1.04631e-10,-1.7359,-1.08231e-10,-1.79747,9.81767,-17.647,-1.1012e-10,-1.76197,10.1902,-17.9549
2.6e+10,-1.01967e-10,-1.69039,-1.05571e-10,-1.75193,9.84415,-17.2463,-1.07354e-10,-1.71745,10.2114,-17.5376
2.605e+10,-9.93156e-11,-1.64511,-1.02922e-10,-1.70662,9.87092,-16.8459,-1.04602e-10,-1.67314,10.2328,-17.1209
2.61e+10,-9.66756e-11,-1.60006,-1.00284e-10,-1.66153,9.89796,-16.4458,-1.01864e-10,-1.62903,10.2544,-16.7048
2.615e+10,-9.40473e-11,-1.55523,-9.76588e-11,-1.61666,9.92529,-16.0459,-9.91397e-11,-1.58513,10.2762,-16.2892
2.62e+10,-9.14303e-11,-1.51063,-9.50445e-11,-1.57202,9.95288,-15.6462,-9.64289e-11,-1.54144,10.2982,-15.8741
2.625e+10,-8.88245e-11,-1.46626,-9.24415e-11,-1.52761,9.98073,-15.2467,-9.37316e-11,-1.49796,10.3204,-15.4595
2.63e+10,-8.62298e-11,-1.42212,-8.98495e-11,-1.48343,10.0088,-14.8474,-9.10474e-11,-1.45469,10.3427,-15.0454
2.635e+10,-8.3646e-11,-1.37821,-8.72685e-11,-1.43948,10.0372,-14.4483,-8.83764e-11,-1.41163,10.3651,-14.6318
2.64e+10,-8.1073e-11,-1.33453,-8.46983e-11,-1.39576,10.0658,-14.0494,-8.57182e-11,-1.36878,10.3878,-14.2186
2.645e+10,-7.85106e-11,-1.29109,-8.21386e-11,-1.35227,10.0946,-13.6506,-8.30728e-11,-1.32614,10.4106,-13.8059
2.65e+10,-7.59586e-11,-1.24788,-7.95894e-11,-1.30901,10.1237,-13.252,-8.04399e-11,-1.28372,10.4335,-13.3936
2.655e+10,-7.34169e-11,-1.2049,-7.70505e-11,-1.26598,10.153,-12.8535,-7.78194e-11,-1.2415,10.4565,-12.9817
2.66e+10,-7.08853e-11,-1.16215,-7.45218e-11,-1.22318,10.1825,-12.455,-7.52111e-11,-1.19949,10.4797,-12.5702
2.665e+10,-6.83637e-11,-1.11964,-7.2003e-11,-1.18062,10.2122,-12.0567,-7.26148e-11,-1.15769,10.5029,-12.1591
2.67e+10,-6.58518e-11,-1.07736,-6.94939e-11,-1.13828,10.2421,-11.6584,-7.00304e-11,-1.1161,10.5263,-11.7484
2.675e+10,-6.33495e-11,-1.0353,-6.69945e-11,-1.09617,10.2722,-11.2601,-6.74577e-11,-1.07471,10.5498,-11.338
2.68e+10,-6.08567e-11,-0.993481,-6.45045e-11,-1.05429,10.3025,-10.8619,-6.48964e-11,-1.03353,10.5734,-10.9279
2.685e+10,-5.8373e-11,-0.951884,-6.20237e-11,-1.01264,10.3331,-10.4636,-6.23465e-11,-0.992547,10.597,-10.5181
2.69e+10,-5.58985e-11,-0.910515,-5.95521e-11,-0.971207,10.3638,-10.0654,-5.98077e-11,-0.951769,10.6208,-10.1086
2.695e+10,-5.34328e-11,-0.86937,-5.70893e-11,-0.930001,10.3947,-9.66704,-5.72798e-11,-0.911189,10.6447,-9.6993
2.7e+10,-5.09759e-11,-0.828447,-5.46353e-11,-0.889018,10.4257,-9.26866,-5.47627e-11,-0.870806,10.6686,-9.29027
2.705e+10,-4.85274e-11,-0.787746,-5.21898e-11,-0.848254,10.457,-8.87018,-5.22561e-11,-0.830618,10.6926,-8.88146
2.71e+10,-4.60873e-11,-0.747264,-4.97526e-11,-0.807708,10.4884,-8.4716,-4.97599e-11,-0.790622,10.7167,-8.47284
2.715e+10,-4.36554e-11,-0.706999,-4.73237e-11,-0.767379,10.5201,-8.07287,-4.72739e-11,-0.750817,10.7408,-8.06438
2.72e+10,-4.12314e-11,-0.666949,-4.49027e-11,-0.727263,10.5519,-7.67398,-4.47979e-11,-0.711198,10.765,-7.65608
2.725e+10,-3.88152e-11,-0.627111,-4.24895e-11,-0.687358,10.5839,-7.27491,-4.23317e-11,-0.671764,10.7893,-7.24789
2.73e+10,-3.64066e-11,-0.587484,-4.00839e-11,-0.647663,10.6161,-6.87563,-3.98751e-11,-0.632512,10.8137,-6.83981
2.735e+10,-3.40054e-11,-0.548065,-3.76858e-11,-0.608176,10.6484,-6.47611,-3.74279e-11,-0.59344,10.8382,-6.43181
2.74e+10,-3.16115e-11,-0.508852,-3.52949e-11,-0.568893,10.681,-6.07634,-3.499e-11,-0.554544,10.8627,-6.02386
2.745e+10,-2.92246e-11,-0.469842,-3.2911e-11,-0.529812,10.7138,-5.67628,-3.25612e-11,-0.515823,10.8873,-5.61594
2.75e+10,-2.68446e-11,-0.431034,-3.05341e-11,-0.490933,10.7467,-5.27591,-3.01412e-11,-0.477274,10.912,-5.20802
2.755e+10,-2.44712e-11,-0.392425,-2.81638e-11,-0.452251,10.7799,-4.87521,-2.77299e-11,-0.438893,10.9368,-4.8001
2.76e+10,-2.21044e-11,-0.354014,-2.58002e-11,-0.413765,10.8133,-4.47416,-2.53272e-11,-0.40068,10.9617,-4.39214
2.765e+10,-1.97439e-11,-0.315797,-2.34428e-11,-0.375473,10.8469,-4.07272,-2.29328e-11,-0.36263,10.9867,-3.98411
2.77e+10,-1.73896e-11,-0.277773,-2.10916e-11,-0.337373,10.8807,-3.67087,-2.05465e-11,-0.324742,11.0118,-3.57601
2.775e+10,-1.50412e-11,-0.239941,-1.87464e-11,-0.299464,10.9148,-3.26859,-1.81683e-11,-0.287014,11.0371,-3.16779
2.78e+10,-1.26987e-11,-0.202299,-1.64071e-11,-0.261743,10.9492,-2.86586,-1.57979e-11,-0.249444,11.0624,-2.75946
2.785e+10,-1.03618e-11,-0.164844,-1.40734e-11,-0.224208,10.9838,-2.46265,-1.34351e-11,-0.21203,11.0879,-2.35097
2.79e+10,-8.03035e-12,-0.127577,-1.17452e-11,-0.18686,11.0186,-2.05894,-1.10799e-11,-0.17477,11.1136,-1.94231
2.795e+10,-5.70427e-12,-0.0904955,-9.42239e-12,-0.149696,11.0538,-1.65471,-8.73202e-12,-0.137662,11.1394,-1.53347
2.8e+10,-3.38336e-12,-0.0535989,-7.10476e-12,-0.112716,11.0893,-1.24994,-6.39135e-12,-0.100706,11.1654,-1.12442
2.805e+10,-1.06747e-12,-0.0168862,-4.79217e-12,-0.0759176,11.1251,-0.844588,-4.05772e-12,-0.0639006,11.1916,-0.715147
2.81e+10,1.24352e-12,0.0196424,-2.48451e-12,-0.0393021,11.1612,-0.438658,-1.73104e-12,-0.0272447,11.2179,-0.305629
2.815e+10,3.54981e-12,0.055988,-1.81573e-13,-0.00286802,11.1977,-0.0321151,5.88886e-13,0.00926293,11.2445,0.104157
2.82e+10,5.85146e-12,0.0921498,2.11671e-12,0.0333839,11.2345,0.375051,2.90213e-12,0.0456216,11.2713,0.514216
2.825e+10,8.14866e-12,0.128128,4.41052e-12,0.0694543,11.2717,0.782867,5.20887e-12,0.0818323,11.2984,0.924575
2.83e+10,1.04415e-11,0.163923,6.69997e-12,0.105342,11.3093,1.19135,7.50921e-12,0.117895,11.3257,1.33524
2.835e+10,1.27302e-11,0.199532,8.98515e-12,0.141047,11.3473,1.60051,9.80325e-12,0.153808,11.3533,1.74624
2.84e+10,1.50147e-11,0.234956,1.12662e-11,0.176568,11.3858,2.01037,1.20911e-11,0.189572,11.3812,2.15756
2.845e+10,1.72952e-11,0.270193,1.35432e-11,0.211904,11.4247,2.42094,1.43729e-11,0.225186,11.4094,2.56924
2.85e+10,1.95718e-11,0.30524,1.58163e-11,0.247053,11.4641,2.83224,1.66486e-11,0.260648,11.438,2.98128
2.855e+10,2.18446e-11,0.340098,1.80856e-11,0.282014,11.504,3.24428,1.89185e-11,0.295958,11.4668,3.3937
2.86e+10,2.41137e-11,0.374762,2.03511e-11,0.316784,11.5444,3.65708,2.11826e-11,0.331112,11.4961,3.80649
2.865e+10,2.63791e-11,0.409232,2.2613e-11,0.351362,11.5853,4.07063,2.34409e-11,0.36611,11.5257,4.21967
2.87e+10,2.8641e-11,0.443504,2.48713e-11,0.385744,11.6268,4.48497,2.56935e-11,0.400949,11.5557,4.63324
2.875e+10,3.08994e-11,0.477575,2.7126e-11,0.419928,11.6689,4.90008,2.79405e-11,0.435627,11.5861,5.04722
2.88e+10,3.31544e-11,0.511443,2.93773e-11,0.453911,11.7115,5.31599,3.0182e-11,0.47014,11.617,5.4616
2.885e+10,3.5406e-11,0.545105,3.16252e-11,0.48769,11.7548,5.73269,3.24179e-11,0.504487,11.6482,5.87639
2.89e+10,3.76542e-11,0.578556,3.38697e-11,0.521262,11.7987,6.1502,3.46484e-11,0.538664,11.68,6.2916
2.895e+10,3.98992e-11,0.611793,3.61109e-11,0.554622,11.8432,6.56852,3.68735e-11,0.572668,11.7122,6.70722
2.9e+10,4.21409e-11,0.644813,3.83489e-11,0.587767,11.8885,6.98765,3.90931e-11,0.606494,11.745,7.12325
2.905e+10,4.43794e-11,0.677611,4.05836e-11,0.620694,11.9344,7.40759,4.13074e-11,0.640141,11.7782,7.5397
2.91e+10,4.66147e-11,0.710183,4.28151e-11,0.653397,11.981,7.82835,4.35164e-11,0.673603,11.8119,7.95657
2.915e+10,4.88469e-11,0.742526,4.50434e-11,0.685874,12.0283,8.24992,4.572e-11,0.706878,11.8462,8.37384
2.92e+10,5.10759e-11,0.774635,4.72686e-11,0.71812,12.0764,8.67232,4.79183e-11,0.73996,11.8811,8.79153
2.925e+10,5.33017e-11,0.806506,4.94905e-11,0.75013,12.1253,9.09553,5.01113e-11,0.772847,11.9165,9.20962
2.93e+10,5.55244e-11,0.838134,5.17093e-11,0.7819,12.1749,9.51954,5.2299e-11,0.805534,11.9524,9.6281
2.935e+10,5.77439e-11,0.869515,5.39249e-11,0.813427,12.2253,9.94437,5.44813e-11,0.838017,11.989,10.047
2.94e+10,5.99603e-11,0.900646,5.61373e-11,0.844706,12.2765,10.37,5.66584e-11,0.870293,12.0261,10.4663
2.945e+10,6.21735e-11,0.931521,5.83465e-11,0.875732,12.3285,10.7964,5.88301e-11,0.902356,12.0639,10.8859
2.95e+10,6.43836e-11,0.962137,6.05526e-11,0.906503,12.3813,11.2237,6.09964e-11,0.934204,12.1022,11.3059
2.955e+10,6.65904e-11,0.992489,6.27554e-11,0.937012,12.4349,11.6517,6.31574e-11,0.965832,12.1412,11.7263
2.96e+10,6.8794e-11,1.02258,6.4955e-11,0.967259,12.4894,12.0805,6.53131e-11,0.997238,12.1807,12.1471
2.965e+10,7.09944e-11,1.05239,6.71513e-11,0.997237,12.5447,12.51,6.74633e-11,1.02842,12.2209,12.5682
2.97e+10,7.31916e-11,1.08193,6.93443e-11,1.02695,12.6009,12.9404,6.96081e-11,1.05937,12.2617,12.9896
2.975e+10,7.53854e-11,1.1112,7.15341e-11,1.05638,12.6579,13.3715,7.17474e-11,1.09008,12.3031,13.4114
2.98e+10,7.7576e-11,1.14018,7.37205e-11,1.08554,12.7157,13.8033,7.38814e-11,1.12056,12.3451,13.8335
2.985e+10,7.97632e-11,1.16889,7.59036e-11,1.11441,12.7744,14.236,7.60098e-11,1.1508,12.3877,14.2559
2.99e+10,8.19471e-11,1.19731,7.80833e-11,1.14301,12.8339,14.6693,7.81327e-11,1.18081,12.431,14.6786
2.995e+10,8.41277e-11,1.22544,8.02597e-11,1.17132,12.8943,15.1034,8.02501e-11,1.21057,12.4748,15.1016
3e+10,8.63049e-11,1.25329,8.24326e-11,1.19935,12.9555,15.5382,8.2362e-11,1.24008,12.5192,15.5249
