# cell C_eff(Vctrl=0) = 14.070 fF, (3.3) = 18.992 fF, cell-only C ratio 1.3498
# constant-L, cell-only (zero fixed C) f ratio ceiling = sqrt(1.3498) = 1.1618
# constant-L necessary condition for row 2: F <= x*(k-1.3225)/(1.3225-1) = 0.0848 * x (x = N/2*c0); the EM L(f) dispersion lowers the realized ratio below this, see table
inductor,cells_per_side,mim_ff,fc_ghz,f0_vctrl0_ghz,f0_vctrl3p3_ghz,ratio,row1,row2
p11,8,2.1318,5.4906,5.7651,5.2292,1.1025,True,False
p11,16,2.1318,4.2735,4.5344,4.0276,1.1258,False,False
p11,24,2.1318,3.6180,3.8565,3.3942,1.1362,False,False
p11,32,2.1318,3.1931,3.4124,2.9879,1.1421,False,False
p11,48,2.1318,2.6582,2.8486,2.4805,1.1484,False,False
p11,64,2.1318,2.3247,2.4948,2.1662,1.1517,False,True
p11,96,2.1318,1.9167,2.0600,1.7834,1.1551,False,True
p11,128,2.1318,1.6680,1.7940,1.5508,1.1568,False,True
p11,192,2.1318,1.3685,1.4730,1.2714,1.1585,False,True
p11,256,2.1318,1.1879,1.2791,1.1033,1.1594,False,True
p11,400,2.1318,0.9528,1.0263,0.8845,1.1603,False,True
p11,600,2.1318,0.7791,0.8394,0.7231,1.1608,False,True
p13,8,2.1318,4.9042,5.1399,4.6793,1.0984,True,False
p13,16,2.1318,3.8467,4.0754,3.6308,1.1225,False,False
p13,24,2.1318,3.2688,3.4799,3.0704,1.1334,False,False
p13,32,2.1318,2.8915,3.0866,2.7087,1.1395,False,False
p13,48,2.1318,2.4136,2.5841,2.2543,1.1463,False,False
p13,64,2.1318,2.1142,2.2671,1.9715,1.1499,False,False
p13,96,2.1318,1.7464,1.8758,1.6259,1.1537,False,True
p13,128,2.1318,1.5214,1.6356,1.4152,1.1557,False,True
p13,192,2.1318,1.2497,1.3446,1.1615,1.1577,False,True
p13,256,2.1318,1.0855,1.1685,1.0085,1.1587,False,True
p13,400,2.1318,0.8713,0.9383,0.8090,1.1598,False,True
p13,600,2.1318,0.7128,0.7679,0.6617,1.1605,False,True
p1,8,2.1318,,,,,no-resonance-in-record-range,
p1,16,2.1318,,,,,no-resonance-in-record-range,
p1,24,2.1318,,,,,no-resonance-in-record-range,
p1,32,2.1318,23.1458,24.9369,21.4832,1.1608,False,True
p1,48,2.1318,18.9039,20.3808,17.5340,1.1624,False,True
p1,64,2.1318,16.3579,17.6429,15.1665,1.1633,False,True
p1,96,2.1318,13.3249,14.3784,12.3485,1.1644,False,True
p1,128,2.1318,11.5121,12.4260,10.6655,1.1651,False,True
p1,192,2.1318,9.3603,10.1065,8.6692,1.1658,False,True
p1,256,2.1318,8.0788,8.7240,7.4813,1.1661,False,True
p1,400,2.1318,6.4272,6.9408,5.9516,1.1662,False,True
p1,600,2.1318,5.2221,5.6386,4.8363,1.1659,True,True
