rank,inductor,cells_per_side,mim_side_um,mim_ff,f0_vctrl0_ghz,f0_vctrl3p3_ghz,fc_ghz,tuning_ratio,row1_pass,row2_pass,row1_pass_mim_pm10,row1_margin,row2_margin,score
1,p11,14,1.14,2.1318,4.7676,4.2498,4.5013,1.1218,True,False,False,0.00028056,-0.024484,-0.024484
2,p11,14,2,6.32,4.6945,4.1977,4.4391,1.1184,False,False,False,-0.013713,-0.027514,-0.027514
3,p11,12,1.14,2.1318,5.0408,4.5131,4.7696,1.1169,True,False,True,0.056533,-0.028758,-0.028758
4,p11,12,2,6.32,4.9546,4.4509,4.696,1.1132,True,False,True,0.041738,-0.032011,-0.032011
5,p11,10,1.14,2.1318,5.3667,4.832,5.0923,1.1107,True,False,True,0.080057,-0.034195,-0.034195
6,p11,12,3,13.98,4.8078,4.3434,4.5697,1.1069,True,False,True,0.015251,-0.037445,-0.037445
7,p13,10,1.14,2.1318,4.798,4.3349,4.5606,1.1068,True,False,True,0.013285,-0.03755,-0.03755
8,p11,10,2,6.32,5.2632,4.7559,5.0031,1.1067,True,False,True,0.099315,-0.037678,-0.037678
9,p11,14,3,13.98,4.5689,4.107,4.3318,1.1125,False,False,False,-0.038822,-0.03264,-0.038822
10,p13,10,2,6.32,4.7087,4.2687,4.4833,1.1031,False,False,False,-0.0037275,-0.040815,-0.040815
11,p11,8,1.14,2.1318,5.7651,5.2292,5.4906,1.1025,True,False,True,0.0017157,-0.04132,-0.04132
12,p11,12,3.65,20.568,4.6914,4.2569,4.4689,1.1021,False,False,False,-0.0069667,-0.041659,-0.041659
13,p11,10,3,13.98,5.0883,4.6255,4.8514,1.1001,True,False,True,0.072433,-0.043425,-0.043425
14,p13,8,1.14,2.1318,5.1399,4.6793,4.9042,1.0984,True,False,True,0.082413,-0.044832,-0.044832
15,p11,8,2,6.32,5.6374,5.1332,5.3794,1.0982,True,False,True,0.02242,-0.045033,-0.045033
16,p13,10,3,13.98,4.5575,4.1551,4.3516,1.0968,False,False,False,-0.034097,-0.046225,-0.046225
17,p11,12,4.5,31.095,4.5217,4.1287,4.3207,1.0952,False,False,False,-0.041488,-0.047651,-0.047651
18,p11,10,3.65,20.568,4.9511,4.5215,4.7314,1.095,True,False,True,0.048915,-0.047824,-0.047824
19,p13,8,2,6.32,5.0305,4.5963,4.8085,1.0945,True,False,True,0.064164,-0.048293,-0.048293
20,p11,8,3,13.98,5.4242,4.9706,5.1924,1.0913,True,False,True,0.059238,-0.051077,-0.051077
21,p13,12,1.14,2.1318,4.5162,4.0569,4.2804,1.1132,False,False,False,-0.051305,-0.031968,-0.051305
22,p11,16,1.14,2.1318,4.5344,4.0276,4.2735,1.1258,False,False,False,-0.05301,-0.021018,-0.05301
23,p13,8,3,13.98,4.8475,4.4554,4.6473,1.088,True,False,True,0.031692,-0.053912,-0.053912
24,p11,10,4.5,31.095,4.753,4.369,4.5569,1.0879,True,False,True,0.012492,-0.054002,-0.054002
25,p11,8,3.65,20.568,5.2589,4.8423,5.0463,1.086,True,False,True,0.089899,-0.055625,-0.055625
26,p13,8,3.65,20.568,4.705,4.344,4.5209,1.0831,True,False,False,0.004618,-0.05817,-0.05817
27,p13,10,3.65,20.568,4.4384,4.0642,4.2472,1.0921,False,False,False,-0.059517,-0.050374,-0.059517
28,p11,14,3.65,20.568,4.4686,4.0336,4.2455,1.1079,False,False,False,-0.059935,-0.03665,-0.059935
29,p11,8,4.5,31.095,5.0235,4.6565,4.8365,1.0788,True,False,True,0.069574,-0.0619,-0.0619
30,p13,8,4.5,31.095,4.5013,4.1821,4.3387,1.0763,False,False,False,-0.037167,-0.064058,-0.064058
31,p11,10,6,54.96,4.3793,4.0731,4.2234,1.0752,False,False,False,-0.065486,-0.06508,-0.065486
32,p11,16,2,6.32,4.4713,3.9831,4.2201,1.1226,False,False,False,-0.066322,-0.02386,-0.066322
33,p13,12,2,6.32,4.4415,4.0024,4.2163,1.1097,False,False,False,-0.067295,-0.035033,-0.067295
34,p11,8,6,54.96,4.5884,4.3034,4.4436,1.0662,False,False,False,-0.012691,-0.072838,-0.072838
35,p11,16,3,13.98,4.3623,3.9054,4.1275,1.117,False,False,False,-0.090242,-0.02869,-0.090242
36,p11,14,4.5,31.095,4.3212,3.924,4.1178,1.1012,False,False,False,-0.092822,-0.042419,-0.092822
37,p13,12,3,13.98,4.3139,3.9082,4.1061,1.1038,False,False,False,-0.095935,-0.040171,-0.095935
38,p13,10,4.5,31.095,4.2662,3.9307,4.095,1.0854,False,False,False,-0.098902,-0.056217,-0.098902
39,p11,18,1.14,2.1318,4.3322,3.8368,4.077,1.1291,False,False,False,-0.10376,-0.018166,-0.10376
40,p11,16,3.65,20.568,4.2747,3.842,4.0526,1.1126,False,False,False,-0.1104,-0.032506,-0.1104
41,p13,14,1.14,2.1318,4.2789,3.8261,4.0462,1.1183,False,False,False,-0.11215,-0.02753,-0.11215
42,p11,12,6,54.96,4.1962,3.8762,4.033,1.0826,False,False,False,-0.11579,-0.058629,-0.11579
43,p11,18,2,6.32,4.277,3.7983,4.0305,1.126,False,False,False,-0.11648,-0.020835,-0.11648
44,p13,12,3.65,20.568,4.2126,3.8324,4.018,1.0992,False,False,False,-0.11997,-0.044163,-0.11997
45,p13,8,6,54.96,4.1227,3.8732,3.996,1.0644,False,False,False,-0.12614,-0.07442,-0.12614
46,p13,14,2,6.32,4.2152,3.7804,3.9919,1.115,False,False,False,-0.12729,-0.030409,-0.12729
47,p11,18,3,13.98,4.1813,3.7306,3.9495,1.1208,False,False,False,-0.13937,-0.02539,-0.13937
48,p11,16,4.5,31.095,4.145,3.7469,3.9409,1.1063,False,False,False,-0.14187,-0.03804,-0.14187
49,p11,8,8,97.28,4.0331,3.835,3.9328,1.0516,False,False,False,-0.14422,-0.085533,-0.14422
50,p11,20,1.14,2.1318,4.1547,3.6707,3.9052,1.1319,False,False,False,-0.1523,-0.01577,-0.1523
51,p13,14,3,13.98,4.1057,3.7007,3.8979,1.1094,False,False,False,-0.15445,-0.035282,-0.15445
52,p13,12,4.5,31.095,4.0644,3.7197,3.8883,1.0927,False,False,False,-0.15733,-0.049861,-0.15733
53,p11,18,3.65,20.568,4.1039,3.6753,3.8837,1.1166,False,False,False,-0.15869,-0.029012,-0.15869
54,p11,14,6,54.96,4.0343,3.7051,3.8662,1.0888,False,False,False,-0.16393,-0.053192,-0.16393
55,p11,20,2,6.32,4.106,3.6369,3.8643,1.129,False,False,False,-0.1645,-0.018278,-0.1645
56,p13,16,1.14,2.1318,4.0754,3.6308,3.8467,1.1225,False,False,False,-0.16984,-0.023933,-0.16984
57,p13,14,3.65,20.568,4.018,3.6361,3.8222,1.105,False,False,False,-0.17732,-0.039104,-0.17732
58,p13,10,6,54.96,3.9397,3.6709,3.8029,1.0732,False,False,False,-0.1833,-0.066747,-0.1833
59,p13,16,2,6.32,4.0203,3.5916,3.7999,1.1194,False,False,False,-0.18425,-0.026643,-0.18425
60,p11,20,3,13.98,4.021,3.5773,3.7927,1.124,False,False,False,-0.1865,-0.022592,-0.1865
61,p11,18,4.5,31.095,3.9887,3.5917,3.785,1.1105,False,False,False,-0.18892,-0.03432,-0.18892
62,p11,10,8,97.28,3.8886,3.6691,3.7773,1.0598,False,False,False,-0.19134,-0.078431,-0.19134
63,p11,22,1.14,2.1318,3.9973,3.5244,3.7534,1.1342,False,False,False,-0.19891,-0.013736,-0.19891
64,p11,20,3.65,20.568,3.952,3.5284,3.7342,1.1201,False,False,False,-0.20508,-0.026037,-0.20508
65,p13,16,3,13.98,3.9249,3.523,3.7185,1.1141,False,False,False,-0.21016,-0.031249,-0.21016
66,p11,16,6,54.96,3.8897,3.5548,3.7185,1.0942,False,False,False,-0.21017,-0.048533,-0.21017
67,p11,22,2,6.32,3.9538,3.4944,3.717,1.1315,False,False,False,-0.21065,-0.016104,-0.21065
68,p13,14,4.5,31.095,3.8888,3.5395,3.71,1.0987,False,False,False,-0.21293,-0.044611,-0.21293
69,p13,18,1.14,2.1318,3.8985,3.4625,3.674,1.1259,False,False,False,-0.22481,-0.020949,-0.22481
70,p11,22,3,13.98,3.8777,3.4414,3.6531,1.1268,False,False,False,-0.23184,-0.020193,-0.23184
71,p13,16,3.65,20.568,3.8481,3.4671,3.6526,1.1099,False,False,False,-0.23199,-0.03489,-0.23199
72,p11,20,4.5,31.095,3.8487,3.4542,3.6461,1.1142,False,False,False,-0.23419,-0.031118,-0.23419
73,p11,12,8,97.28,3.7585,3.523,3.6388,1.0669,False,False,False,-0.23666,-0.072301,-0.23666
74,p13,12,6,54.96,3.7791,3.4973,3.6355,1.0806,False,False,False,-0.23781,-0.060358,-0.23781
75,p13,18,2,6.32,3.8501,3.4284,3.6332,1.123,False,False,False,-0.23859,-0.023494,-0.23859
76,p11,24,1.14,2.1318,3.8565,3.3942,3.618,1.1362,False,False,False,-0.24379,-0.011992,-0.24379
77,p11,22,3.65,20.568,3.8157,3.3978,3.6007,1.123,False,False,False,-0.24976,-0.023482,-0.24976
78,p11,18,6,54.96,3.7595,3.4214,3.5864,1.0988,False,False,False,-0.25472,-0.044499,-0.25472
79,p11,24,2,6.32,3.8173,3.3673,3.5853,1.1336,False,False,False,-0.25513,-0.014228,-0.25513
80,p13,18,3,13.98,3.766,3.3687,3.5618,1.1179,False,False,False,-0.26341,-0.02787,-0.26341
81,p13,16,4.5,31.095,3.7341,3.383,3.5542,1.1038,False,False,False,-0.2661,-0.0402,-0.2661
82,p13,8,8,97.28,3.6356,3.461,3.5472,1.0505,False,False,False,-0.2686,-0.086555,-0.2686
83,p11,24,3,13.98,3.7487,3.3199,3.5278,1.1292,False,False,False,-0.27559,-0.018103,-0.27559
84,p13,20,1.14,2.1318,3.7427,3.3156,3.5227,1.1288,False,False,False,-0.27743,-0.018448,-0.27743
85,p11,22,4.5,31.095,3.7224,3.3313,3.5215,1.1174,False,False,False,-0.27788,-0.02834,-0.27788
86,p11,14,8,97.28,3.6406,3.393,3.5146,1.073,False,False,False,-0.28037,-0.066959,-0.28037
87,p13,18,3.65,20.568,3.698,3.3197,3.5037,1.114,False,False,False,-0.28435,-0.031342,-0.28435
88,p11,26,1.14,2.1318,3.7295,3.2774,3.4961,1.138,False,False,False,-0.28714,-0.01047,-0.28714
89,p13,14,6,54.96,3.6367,3.3461,3.4884,1.0868,False,False,False,-0.29,-0.054936,-0.29
90,p13,20,2,6.32,3.6998,3.2857,3.4866,1.126,False,False,False,-0.29066,-0.020848,-0.29066
91,p11,24,3.65,20.568,3.6926,3.2806,3.4805,1.1256,False,False,False,-0.29292,-0.021239,-0.29292
92,p11,20,6,54.96,3.6415,3.3019,3.4675,1.1029,False,False,False,-0.29776,-0.040983,-0.29776
93,p11,26,2,6.32,3.6941,3.2532,3.4666,1.1355,False,False,False,-0.2981,-0.012592,-0.2981
94,p13,20,3,13.98,3.625,3.233,3.4234,1.1213,False,False,False,-0.3145,-0.024998,-0.3145
95,p13,18,4.5,31.095,3.5965,3.2457,3.4166,1.1081,False,False,False,-0.31711,-0.036442,-0.31711
96,p11,26,3,13.98,3.6317,3.2103,3.4145,1.1313,False,False,False,-0.31791,-0.016284,-0.31791
97,p13,10,8,97.28,3.5082,3.3143,3.4099,1.0585,False,False,False,-0.3197,-0.079549,-0.3197
98,p11,24,4.5,31.095,3.6078,3.2206,3.4087,1.1202,False,False,False,-0.32014,-0.0259,-0.32014
99,p11,16,8,97.28,3.5331,3.2762,3.4023,1.0784,False,False,False,-0.32265,-0.062256,-0.32265
100,p13,22,1.14,2.1318,3.6041,3.186,3.3886,1.1312,False,False,False,-0.32798,-0.016312,-0.32798
101,p11,28,1.14,2.1318,3.6142,3.1718,3.3858,1.1395,False,False,False,-0.32909,-0.0091354,-0.32909
102,p13,20,3.65,20.568,3.5641,3.1896,3.3717,1.1174,False,False,False,-0.33465,-0.028317,-0.33465
103,p11,26,3.65,20.568,3.5806,3.1747,3.3715,1.1278,False,False,False,-0.3347,-0.019277,-0.3347
104,p11,22,6,54.96,3.5339,3.194,3.3597,1.1064,False,False,False,-0.33942,-0.03788,-0.33942
105,p11,28,2,6.32,3.5819,3.1499,3.3589,1.1372,False,False,False,-0.33971,-0.011158,-0.33971
106,p13,16,6,54.96,3.5092,3.213,3.3578,1.0922,False,False,False,-0.34015,-0.050281,-0.34015
107,p13,22,2,6.32,3.5658,3.1594,3.3564,1.1286,False,False,False,-0.34071,-0.018593,-0.34071
108,p11,28,3,13.98,3.525,3.1109,3.3114,1.1331,False,False,False,-0.35892,-0.014675,-0.35892
109,p11,26,4.5,31.095,3.5031,3.1203,3.3061,1.1227,False,False,False,-0.3611,-0.023745,-0.3611
110,p11,18,8,97.28,3.4346,3.1708,3.3,1.0832,False,False,False,-0.36362,-0.058088,-0.36362
111,p13,22,3,13.98,3.4987,3.1124,3.2999,1.1241,False,False,False,-0.36368,-0.022519,-0.36368
112,p13,20,4.5,31.095,3.473,3.1237,3.2937,1.1118,False,False,False,-0.36623,-0.033205,-0.36623
113,p13,12,8,97.28,3.3933,3.1848,3.2874,1.0655,False,False,False,-0.36886,-0.07349,-0.36886
114,p11,30,1.14,2.1318,3.509,3.0758,3.2852,1.1409,False,False,False,-0.36977,-0.0079554,-0.36977
115,p11,28,3.65,20.568,3.4781,3.0784,3.2722,1.1298,False,False,False,-0.37523,-0.017537,-0.37523
116,p13,24,1.14,2.1318,3.4799,3.0704,3.2688,1.1334,False,False,False,-0.37667,-0.014475,-0.37667
117,p11,24,6,54.96,3.4353,3.096,3.2613,1.1096,False,False,False,-0.37984,-0.035127,-0.37984
118,p11,30,2,6.32,3.4794,3.0557,3.2607,1.1386,False,False,False,-0.38008,-0.0098816,-0.38008
119,p13,22,3.65,20.568,3.4439,3.0736,3.2535,1.1205,False,False,False,-0.38313,-0.025687,-0.38313
120,p13,18,6,54.96,3.3942,3.0946,3.2409,1.0968,False,False,False,-0.38848,-0.046251,-0.38848
121,p13,24,2,6.32,3.4453,3.0466,3.2398,1.1309,False,False,False,-0.38896,-0.016631,-0.38896
122,p11,30,3,13.98,3.4271,3.0201,3.2172,1.1348,False,False,False,-0.39875,-0.013241,-0.39875
123,p11,28,4.5,31.095,3.407,3.0287,3.2123,1.1249,False,False,False,-0.40088,-0.021828,-0.40088
124,p11,20,8,97.28,3.3438,3.0748,3.2065,1.0875,False,False,False,-0.40339,-0.054366,-0.40339
125,p11,32,1.14,2.1318,3.4124,2.9879,3.1931,1.1421,False,False,False,-0.40929,-0.0069083,-0.40929
126,p13,24,3,13.98,3.3847,3.0044,3.1889,1.1266,False,False,False,-0.41115,-0.020378,-0.41115
127,p13,22,4.5,31.095,3.3614,3.0146,3.1833,1.1151,False,False,False,-0.41363,-0.030383,-0.41363
128,p11,30,3.65,20.568,3.384,2.9904,3.1811,1.1316,False,False,False,-0.4146,-0.015987,-0.4146
129,p13,14,8,97.28,3.289,3.0693,3.1773,1.0716,False,False,False,-0.4163,-0.068198,-0.4163
130,p11,26,6,54.96,3.3445,3.0065,3.171,1.1124,False,False,False,-0.41912,-0.032662,-0.41912
131,p11,32,2,6.32,3.3851,2.9695,3.1705,1.1399,False,False,False,-0.41932,-0.0087421,-0.41932
132,p13,26,1.14,2.1318,3.3677,2.9666,3.1608,1.1352,False,False,False,-0.4237,-0.012871,-0.4237
133,p13,24,3.65,20.568,3.335,2.9695,3.1469,1.1231,False,False,False,-0.42996,-0.0234,-0.42996
134,p13,20,6,54.96,3.2898,2.9884,3.1355,1.1009,False,False,False,-0.43519,-0.042721,-0.43519
135,p13,26,2,6.32,3.3363,2.9451,3.1346,1.1328,False,False,False,-0.43559,-0.014922,-0.43559
136,p11,32,3,13.98,3.3369,2.9368,3.1305,1.1362,False,False,False,-0.43749,-0.01196,-0.43749
137,p11,30,4.5,31.095,3.3183,2.9447,3.1259,1.1269,False,False,False,-0.43957,-0.020117,-0.43957
138,p11,22,8,97.28,3.2599,2.9871,3.1205,1.0913,False,False,False,-0.44208,-0.051028,-0.44208
139,p11,34,1.14,2.1318,3.3233,2.9072,3.1083,1.1431,False,False,False,-0.44774,-0.0059714,-0.44774
140,p11,32,3.65,20.568,3.2971,2.9095,3.0972,1.1332,False,False,False,-0.45293,-0.014591,-0.45293
141,p13,26,3,13.98,3.2811,2.9069,3.0884,1.1287,False,False,False,-0.45709,-0.018491,-0.45709
142,p11,28,6,54.96,3.2605,2.9243,3.0878,1.115,False,False,False,-0.45735,-0.030449,-0.45735
143,p11,34,2,6.32,3.2981,2.8902,3.0874,1.1411,False,False,False,-0.45751,-0.0077203,-0.45751
144,p13,24,4.5,31.095,3.26,2.9161,3.0832,1.1179,False,False,False,-0.4595,-0.027905,-0.4595
145,p13,16,8,97.28,3.1938,2.9656,3.0776,1.0769,False,False,False,-0.46219,-0.063532,-0.46219
146,p13,28,1.14,2.1318,3.2656,2.8726,3.0628,1.1368,False,False,False,-0.46923,-0.01146,-0.46923
147,p11,34,3,13.98,3.2535,2.86,3.0504,1.1376,False,False,False,-0.47522,-0.010805,-0.47522
148,p13,26,3.65,20.568,3.2358,2.8752,3.0502,1.1254,False,False,False,-0.47531,-0.021382,-0.47531
149,p11,32,4.5,31.095,3.2362,2.8673,3.0462,1.1286,False,False,False,-0.47726,-0.018566,-0.47726
150,p11,24,8,97.28,3.1819,2.9064,3.041,1.0948,False,False,False,-0.47976,-0.048016,-0.47976
151,p13,22,6,54.96,3.1945,2.8924,3.0397,1.1045,False,False,False,-0.48042,-0.039605,-0.48042
152,p13,28,2,6.32,3.237,2.8531,3.039,1.1346,False,False,False,-0.48076,-0.013415,-0.48076
153,p11,36,1.14,2.1318,3.2408,2.8326,3.0299,1.1441,False,False,False,-0.48521,-0.005121,-0.48521
154,p11,34,3.65,20.568,3.2165,2.8347,3.0196,1.1347,False,False,False,-0.49028,-0.013338,-0.49028
155,p11,30,6,54.96,3.1825,2.8484,3.0108,1.1173,False,False,False,-0.49461,-0.028455,-0.49461
156,p11,36,2,6.32,3.2174,2.8169,3.0105,1.1422,False,False,False,-0.49475,-0.0068041,-0.49475
157,p13,28,3,13.98,3.1865,2.8183,2.9968,1.1307,False,False,False,-0.50161,-0.016817,-0.50161
158,p13,26,4.5,31.095,3.1671,2.8267,2.9921,1.1204,False,False,False,-0.50397,-0.025712,-0.50397
159,p13,18,8,97.28,3.1063,2.8717,2.9867,1.0817,False,False,False,-0.50667,-0.05939,-0.50667
160,p11,36,3,13.98,3.1759,2.7889,2.9761,1.1388,False,False,False,-0.51203,-0.0097662,-0.51203
161,p13,30,1.14,2.1318,3.1723,2.787,2.9734,1.1383,False,False,False,-0.5134,-0.010213,-0.5134
162,p11,34,4.5,31.095,3.1599,2.7957,2.9722,1.1303,False,False,False,-0.51402,-0.017168,-0.51402
163,p11,26,8,97.28,3.1093,2.8319,2.9673,1.0979,False,False,False,-0.51651,-0.045275,-0.51651
164,p13,28,3.65,20.568,3.145,2.7894,2.9619,1.1275,False,False,False,-0.51931,-0.019591,-0.51931
165,p11,38,1.14,2.1318,3.1642,2.7635,2.9571,1.145,False,False,False,-0.52178,-0.0043572,-0.52178
166,p13,24,6,54.96,3.107,2.8051,2.9522,1.1076,False,False,False,-0.5243,-0.036836,-0.5243
167,p13,30,2,6.32,3.1461,2.7691,2.9516,1.1361,False,False,False,-0.52459,-0.012068,-0.52459
168,p11,36,3.65,20.568,3.1415,2.7655,2.9475,1.136,False,False,False,-0.52673,-0.012198,-0.52673
169,p11,32,6,54.96,3.1098,2.7782,2.9393,1.1194,False,False,False,-0.53097,-0.026634,-0.53097
170,p11,38,2,6.32,3.1424,2.7489,2.9391,1.1431,False,False,False,-0.53108,-0.0059724,-0.53108
171,p13,30,3,13.98,3.0997,2.7373,2.9129,1.1324,False,False,False,-0.54486,-0.015326,-0.54486
172,p13,28,4.5,31.095,3.0818,2.745,2.9086,1.1227,False,False,False,-0.54716,-0.02376,-0.54716
173,p11,38,3,13.98,3.1037,2.7229,2.907,1.1399,False,False,False,-0.54796,-0.0088127,-0.54796
174,p13,20,8,97.28,3.0257,2.7862,2.9035,1.086,False,False,False,-0.54987,-0.055693,-0.54987
175,p11,36,4.5,31.095,3.0887,2.7292,2.9034,1.1317,False,False,False,-0.54992,-0.01589,-0.54992
176,p11,28,8,97.28,3.0413,2.7628,2.8988,1.1008,False,False,False,-0.55239,-0.042783,-0.55239
177,p13,32,1.14,2.1318,3.0866,2.7087,2.8915,1.1395,False,False,False,-0.55631,-0.0090988,-0.55631
178,p11,40,1.14,2.1318,3.0927,2.6992,2.8893,1.1458,False,False,False,-0.55748,-0.0036618,-0.55748
179,p13,30,3.65,20.568,3.0614,2.7108,2.8808,1.1293,False,False,False,-0.56207,-0.017994,-0.56207
180,p11,38,3.65,20.568,3.0715,2.701,2.8803,1.1372,False,False,False,-0.56233,-0.011166,-0.56233
181,p11,34,6,54.96,3.0419,2.7129,2.8727,1.1213,False,False,False,-0.5665,-0.024979,-0.5665
182,p11,40,2,6.32,3.0724,2.6856,2.8725,1.144,False,False,False,-0.56659,-0.0052123,-0.56659
183,p13,26,6,54.96,3.0263,2.7252,2.8718,1.1105,False,False,False,-0.56696,-0.034357,-0.56696
184,p13,32,2,6.32,3.0624,2.6922,2.8714,1.1375,False,False,False,-0.5672,-0.010878,-0.5672
185,p11,40,3,13.98,3.0361,2.6613,2.8425,1.1409,False,False,False,-0.5831,-0.007953,-0.5831
186,p11,38,4.5,31.095,3.0221,2.6672,2.8391,1.1331,False,False,False,-0.58502,-0.014729,-0.58502
187,p13,32,3,13.98,3.0195,2.663,2.8357,1.1339,False,False,False,-0.58693,-0.014,-0.58693
188,p11,30,8,97.28,2.9777,2.6986,2.8347,1.1034,False,False,False,-0.58747,-0.040505,-0.58747
189,p13,30,4.5,31.095,3.003,2.6701,2.8316,1.1247,False,False,False,-0.58918,-0.021996,-0.58918
190,p13,22,8,97.28,2.951,2.7079,2.8269,1.0898,False,False,False,-0.59187,-0.05236,-0.59187
191,p11,42,1.14,2.1318,3.0259,2.6392,2.8259,1.1465,False,False,False,-0.59241,-0.0030269,-0.59241
192,p11,40,3.65,20.568,3.006,2.6409,2.8175,1.1383,False,False,False,-0.59715,-0.010214,-0.59715
193,p13,34,1.14,2.1318,3.0075,2.6365,2.8159,1.1407,False,False,False,-0.59807,-0.0080956,-0.59807
194,p11,36,6,54.96,2.9782,2.6519,2.8103,1.123,False,False,False,-0.60124,-0.023469,-0.60124
195,p11,42,2,6.32,3.0068,2.6265,2.8102,1.1448,False,False,False,-0.60131,-0.0045159,-0.60131
196,p13,32,3.65,20.568,2.9841,2.6386,2.806,1.131,False,False,False,-0.6037,-0.016558,-0.6037
197,p13,28,6,54.96,2.9516,2.6518,2.7977,1.1131,False,False,False,-0.60847,-0.032124,-0.60847
198,p13,34,2,6.32,2.985,2.6214,2.7973,1.1387,False,False,False,-0.60869,-0.0098008,-0.60869
199,p11,42,3,13.98,2.9728,2.6037,2.7821,1.1418,False,False,False,-0.61747,-0.0071637,-0.61747
200,p11,40,4.5,31.095,2.9596,2.6092,2.7789,1.1343,False,False,False,-0.61936,-0.013662,-0.61936
201,p11,32,8,97.28,2.9178,2.6386,2.7747,1.1058,False,False,False,-0.62179,-0.038406,-0.62179
202,p11,44,1.14,2.1318,2.9631,2.583,2.7665,1.1472,False,False,False,-0.62659,-0.002442,-0.62659
203,p13,34,3,13.98,2.9453,2.5944,2.7643,1.1353,False,False,False,-0.62791,-0.012798,-0.62791
204,p13,32,4.5,31.095,2.93,2.6009,2.7605,1.1265,False,False,False,-0.63012,-0.020424,-0.63012
205,p11,42,3.65,20.568,2.9445,2.5845,2.7586,1.1393,False,False,False,-0.63124,-0.0093429,-0.63124
206,p13,24,8,97.28,2.8816,2.6358,2.756,1.0932,False,False,False,-0.63281,-0.049354,-0.63281
207,p11,38,6,54.96,2.9183,2.5949,2.7519,1.1246,False,False,False,-0.63525,-0.022074,-0.63525
208,p11,44,2,6.32,2.9452,2.571,2.7518,1.1455,False,False,False,-0.63531,-0.0038787,-0.63531
209,p13,36,1.14,2.1318,2.9341,2.5699,2.746,1.1417,False,False,False,-0.63878,-0.0071956,-0.63878
210,p13,34,3.65,20.568,2.9124,2.5718,2.7368,1.1325,False,False,False,-0.64427,-0.015257,-0.64427
211,p13,30,6,54.96,2.8821,2.584,2.729,1.1154,False,False,False,-0.64895,-0.030105,-0.64895
212,p13,36,2,6.32,2.9133,2.5559,2.7287,1.1398,False,False,False,-0.64913,-0.008833,-0.64913
213,p11,44,3,13.98,2.9132,2.5497,2.7254,1.1426,False,False,False,-0.65114,-0.0064355,-0.65114
214,p11,42,4.5,31.095,2.9008,2.5548,2.7223,1.1354,False,False,False,-0.65299,-0.012679,-0.65299
215,p11,34,8,97.28,2.8615,2.5824,2.7184,1.1081,False,False,False,-0.65541,-0.036473,-0.65541
216,p11,46,1.14,2.1318,2.9042,2.5302,2.7107,1.1478,False,False,False,-0.66007,-0.0019039,-0.66007
217,p11,44,3.65,20.568,2.8866,2.5317,2.7033,1.1402,False,False,False,-0.66463,-0.008544,-0.66463
218,p13,36,3,13.98,2.8763,2.5308,2.698,1.1365,False,False,False,-0.6679,-0.011711,-0.6679
219,p11,40,6,54.96,2.8619,2.5414,2.6969,1.1261,False,False,False,-0.66858,-0.020788,-0.66858
220,p11,46,2,6.32,2.8873,2.519,2.6968,1.1462,False,False,False,-0.66862,-0.0032955,-0.66862
221,p13,34,4.5,31.095,2.862,2.5368,2.6945,1.1282,False,False,False,-0.67006,-0.018982,-0.67006
222,p13,26,8,97.28,2.8169,2.5692,2.6902,1.0964,False,False,False,-0.67273,-0.04662,-0.67273
223,p1,48,8,97.28,17.996,15.937,16.935,1.1292,False,False,False,-0.67523,-0.018071,-0.67523
224,p13,38,1.14,2.1318,2.8658,2.508,2.681,1.1427,False,False,False,-0.67849,-0.0063805,-0.67849
225,p1,46,8,97.28,18.297,16.221,17.228,1.128,False,False,False,-0.68075,-0.019147,-0.68075
226,p13,36,3.65,20.568,2.8456,2.5098,2.6724,1.1338,False,False,False,-0.68386,-0.014077,-0.68386
227,p11,46,3,13.98,2.8571,2.4989,2.672,1.1434,False,False,False,-0.68414,-0.0057629,-0.68414
228,p11,44,4.5,31.095,2.8454,2.5037,2.6691,1.1365,False,False,False,-0.68596,-0.011775,-0.68596
229,p1,44,8,97.28,18.614,16.521,17.536,1.1267,False,False,False,-0.68637,-0.020296,-0.68637
230,p11,36,8,97.28,2.8082,2.5297,2.6653,1.1101,False,False,False,-0.68836,-0.034686,-0.68836
231,p13,32,6,54.96,2.8174,2.5212,2.6652,1.1175,False,False,False,-0.68846,-0.028268,-0.68846
232,p13,38,2,6.32,2.8464,2.495,2.6649,1.1409,False,False,False,-0.6886,-0.0079476,-0.6886
233,p1,48,6,54.96,18.95,16.592,17.732,1.1421,False,False,False,-0.68983,-0.0068646,-0.68983
234,p1,42,8,97.28,18.947,16.838,17.862,1.1252,False,False,False,-0.69208,-0.021526,-0.69208
235,p11,48,1.14,2.1318,2.8486,2.4805,2.6582,1.1484,False,False,False,-0.6929,-0.0014098,-0.6929
236,p1,46,6,54.96,19.302,16.913,18.068,1.1412,False,False,False,-0.6956,-0.0076342,-0.6956
237,p11,46,3.65,20.568,2.8319,2.4819,2.6511,1.141,False,False,False,-0.69738,-0.0078056,-0.69738
238,p1,40,8,97.28,19.299,17.174,18.206,1.1237,False,False,False,-0.6979,-0.022846,-0.6979
239,p1,48,4.5,31.095,19.559,16.999,18.234,1.1506,False,True,False,-0.69836,0.00050924,-0.69836
240,p11,42,6,54.96,2.8086,2.4911,2.6451,1.1275,False,False,False,-0.70126,-0.019599,-0.70126
241,p11,48,2,6.32,2.8326,2.4699,2.6451,1.1468,False,False,False,-0.70129,-0.002756,-0.70129
242,p1,44,6,54.96,19.674,17.254,18.424,1.1403,False,False,False,-0.70148,-0.0084609,-0.70148
243,p1,48,3.65,20.568,19.846,17.188,18.469,1.1547,False,True,False,-0.7022,0.0040516,-0.7022
244,p1,38,8,97.28,19.671,17.53,18.57,1.1221,False,False,False,-0.70382,-0.024267,-0.70382
245,p1,46,4.5,31.095,19.945,17.344,18.599,1.15,False,False,False,-0.70429,-1.6308e-05,-0.70429
246,p1,48,3,13.98,20.032,17.309,18.621,1.1573,False,True,False,-0.70463,0.0063686,-0.70463
247,p13,38,3,13.98,2.8119,2.4716,2.6363,1.1377,False,False,False,-0.70694,-0.010718,-0.70694
248,p1,42,6,54.96,20.068,17.615,18.801,1.1392,False,False,False,-0.70747,-0.0093523,-0.70747
249,p1,48,2,6.32,20.256,17.454,18.802,1.1605,False,True,False,-0.70748,0.0091658,-0.70748
250,p1,46,3.65,20.568,20.25,17.545,18.849,1.1542,False,True,False,-0.70821,0.0036556,-0.70821
251,p1,48,1.14,2.1318,20.381,17.534,18.904,1.1624,False,True,False,-0.70906,0.010745,-0.70906
252,p13,36,4.5,31.095,2.7986,2.4773,2.633,1.1297,False,False,False,-0.70906,-0.017669,-0.70906
253,p1,36,8,97.28,20.064,17.909,18.956,1.1203,False,False,False,-0.70986,-0.025801,-0.70986
254,p1,44,4.5,31.095,20.356,17.711,18.988,1.1493,False,False,False,-0.71034,-0.00058246,-0.71034
255,p1,46,3,13.98,20.448,17.674,19.01,1.157,False,True,False,-0.71069,0.006062,-0.71069
256,p13,28,8,97.28,2.7563,2.5074,2.6289,1.0993,False,False,False,-0.71171,-0.044126,-0.71171
257,p1,40,6,54.96,20.486,17.999,19.202,1.1381,False,False,False,-0.71358,-0.010316,-0.71358
258,p1,46,2,6.32,20.686,17.828,19.204,1.1603,False,True,False,-0.71359,0.0089713,-0.71359
259,p1,44,3.65,20.568,20.68,17.925,19.253,1.1537,False,True,False,-0.71433,0.0032289,-0.71433
260,p1,46,1.14,2.1318,20.819,17.913,19.312,1.1622,False,True,False,-0.7152,0.010615,-0.7152
261,p1,34,8,97.28,20.482,18.314,19.368,1.1184,False,False,False,-0.71602,-0.027461,-0.71602
262,p1,42,4.5,31.095,20.793,18.102,19.401,1.1486,False,False,False,-0.71651,-0.0011952,-0.71651
263,p11,48,3,13.98,2.8041,2.451,2.6216,1.1441,False,False,False,-0.71651,-0.0051412,-0.71651
264,p1,44,3,13.98,20.891,18.062,19.425,1.1566,False,True,False,-0.71686,0.0057305,-0.71686
265,p13,40,1.14,2.1318,2.8022,2.4505,2.6204,1.1435,False,False,False,-0.71728,-0.005634,-0.71728
266,p11,46,4.5,31.095,2.793,2.4556,2.6189,1.1374,False,False,False,-0.7183,-0.010937,-0.7183
267,p1,38,6,54.96,20.931,18.41,19.63,1.1369,False,False,False,-0.71981,-0.011361,-0.71981
268,p1,44,2,6.32,21.144,18.226,19.631,1.1601,False,True,False,-0.71983,0.0087612,-0.71983
269,p1,42,3.65,20.568,21.138,18.33,19.684,1.1532,False,True,False,-0.72058,0.0027662,-0.72058
270,p11,38,8,97.28,2.7578,2.48,2.6152,1.112,False,False,False,-0.72069,-0.03303,-0.72069
271,p1,44,1.14,2.1318,21.286,18.318,19.746,1.162,False,True,False,-0.72147,0.010477,-0.72147
272,p1,32,8,97.28,20.927,18.746,19.807,1.1163,False,False,False,-0.72231,-0.029266,-0.72231
273,p13,38,3.65,20.568,2.7832,2.4521,2.6124,1.135,False,False,False,-0.72254,-0.013009,-0.72254
274,p1,40,4.5,31.095,21.258,18.52,19.842,1.1479,False,False,False,-0.7228,-0.0018603,-0.7228
275,p1,42,3,13.98,21.363,18.477,19.868,1.1562,False,True,False,-0.72317,0.0053722,-0.72317
276,p1,36,6,54.96,21.406,18.849,20.087,1.1356,False,False,False,-0.72619,-0.0125,-0.72619
277,p1,42,2,6.32,21.633,18.653,20.088,1.1598,False,True,False,-0.7262,0.0085345,-0.7262
278,p1,40,3.65,20.568,21.627,18.764,20.145,1.1526,False,True,False,-0.72697,0.0022634,-0.72697
279,p13,34,6,54.96,2.7568,2.4627,2.6056,1.1194,False,False,False,-0.72706,-0.02659,-0.72706
280,p13,40,2,6.32,2.784,2.4383,2.6054,1.1418,False,False,False,-0.72718,-0.0071451,-0.72718
281,p1,42,1.14,2.1318,21.786,18.751,20.211,1.1619,False,True,False,-0.72787,0.010327,-0.72787
282,p1,30,8,97.28,21.402,19.21,20.276,1.1141,False,False,False,-0.72875,-0.031234,-0.72875
283,p1,38,4.5,31.095,21.756,18.967,20.313,1.147,False,False,False,-0.72924,-0.0025852,-0.72924
284,p11,48,3.65,20.568,2.7803,2.435,2.6019,1.1418,False,False,False,-0.72951,-0.0071211,-0.72951
285,p1,40,3,13.98,21.868,18.921,20.341,1.1557,False,True,False,-0.72961,0.0049826,-0.72961
286,p1,34,6,54.96,21.914,19.321,20.577,1.1342,False,False,False,-0.73271,-0.013744,-0.73271
287,p1,40,2,6.32,22.158,19.11,20.578,1.1595,False,True,False,-0.73272,0.0082886,-0.73272
288,p11,44,6,54.96,2.7582,2.4436,2.5962,1.1287,False,False,False,-0.73333,-0.018499,-0.73333
289,p1,38,3.65,20.568,22.151,19.229,20.639,1.152,False,True,False,-0.73351,0.0017146,-0.73351
290,p1,40,1.14,2.1318,22.322,19.215,20.71,1.1617,False,True,False,-0.73443,0.010166,-0.73443
291,p1,28,8,97.28,21.91,19.71,20.781,1.1116,False,False,False,-0.73533,-0.033389,-0.73533
292,p1,36,4.5,31.095,22.289,19.448,20.82,1.1461,False,False,False,-0.73583,-0.0033788,-0.73583
293,p1,38,3,13.98,22.41,19.399,20.85,1.1552,False,True,False,-0.73621,0.0045568,-0.73621
294,p1,32,6,54.96,22.459,19.83,21.104,1.1326,False,False,False,-0.73938,-0.015111,-0.73938
295,p1,38,2,6.32,22.723,19.602,21.104,1.1592,False,True,False,-0.73939,0.0080205,-0.73939
296,p1,36,3.65,20.568,22.715,19.73,21.17,1.1513,False,True,False,-0.7402,0.0011127,-0.7402
297,p1,38,1.14,2.1318,22.899,19.715,21.247,1.1615,False,True,False,-0.74115,0.0099916,-0.74115
298,p1,26,8,97.28,22.455,20.25,21.324,1.1089,False,False,False,-0.74208,-0.035762,-0.74208
299,p1,34,4.5,31.095,22.864,19.967,21.366,1.1451,False,False,False,-0.74258,-0.0042516,-0.74258
300,p1,36,3,13.98,22.994,19.913,21.398,1.1547,False,True,False,-0.74297,0.0040893,-0.74297
301,p13,40,3,13.98,2.7517,2.4165,2.5786,1.1387,False,False,False,-0.74511,-0.0098088,-0.74511
302,p1,30,6,54.96,23.047,20.38,21.673,1.1309,False,False,False,-0.74622,-0.016619,-0.74622
303,p1,36,2,6.32,23.332,20.133,21.673,1.1589,False,True,False,-0.74623,0.0077265,-0.74623
304,p1,34,3.65,20.568,23.324,20.272,21.745,1.1505,False,True,False,-0.74706,0.00044857,-0.74706
305,p13,38,4.5,31.095,2.7391,2.4218,2.5756,1.1311,False,False,False,-0.74719,-0.016476,-0.74719
306,p1,36,1.14,2.1318,23.522,20.256,21.828,1.1613,False,True,False,-0.74803,0.0098004,-0.74803
307,p1,24,8,97.28,23.043,20.837,21.912,1.1059,False,False,False,-0.74899,-0.038384,-0.74899
308,p1,32,4.5,31.095,23.485,20.528,21.957,1.144,False,False,False,-0.74951,-0.0052167,-0.74951
309,p13,30,8,97.28,2.6995,2.4499,2.5717,1.1019,False,False,False,-0.74983,-0.041841,-0.74983
310,p1,34,3,13.98,23.626,20.471,21.992,1.1541,False,True,False,-0.74991,0.0035739,-0.74991
311,p11,48,4.5,31.095,2.7434,2.4101,2.5713,1.1383,False,False,False,-0.75006,-0.010157,-0.75006
312,p11,40,8,97.28,2.71,2.4332,2.5679,1.1138,False,False,False,-0.75242,-0.031492,-0.75242
313,p1,28,6,54.96,23.683,20.978,22.29,1.129,False,False,False,-0.75325,-0.018292,-0.75325
314,p1,34,2,6.32,23.992,20.709,22.29,1.1585,False,True,False,-0.75325,0.0074024,-0.75325
315,p1,32,3.65,20.568,23.983,20.861,22.368,1.1497,False,False,False,-0.75411,-0.00028691,-0.75411
316,p1,34,1.14,2.1318,24.199,20.843,22.458,1.161,False,True,False,-0.7551,0.0095909,-0.7551
317,p13,42,1.14,2.1318,2.7425,2.3967,2.5638,1.1443,False,False,False,-0.75523,-0.0049528,-0.75523
318,p1,22,8,97.28,23.678,21.477,22.55,1.1025,False,False,False,-0.7561,-0.0413,-0.7561
319,p1,30,4.5,31.095,24.158,21.14,22.599,1.1428,False,False,False,-0.75662,-0.0062897,-0.75662
320,p1,32,3,13.98,24.311,21.077,22.637,1.1535,False,True,False,-0.75703,0.0030023,-0.75703
321,p13,40,3.65,20.568,2.7248,2.3982,2.5563,1.1362,False,False,False,-0.76038,-0.012024,-0.76038
322,p1,26,6,54.96,24.374,21.631,22.962,1.1268,False,False,False,-0.76047,-0.020161,-0.76047
323,p1,32,2,6.32,24.71,21.337,22.962,1.1581,False,True,False,-0.76047,0.0070434,-0.76047
324,p1,30,3.65,20.568,24.701,21.503,23.046,1.1487,False,False,False,-0.76135,-0.0011075,-0.76135
325,p1,32,1.14,2.1318,24.937,21.483,23.146,1.1608,False,True,False,-0.76238,0.009359,-0.76238
326,p1,20,8,97.28,24.368,22.178,23.248,1.0988,False,False,False,-0.76342,-0.044561,-0.76342
327,p1,28,4.5,31.095,24.892,21.808,23.299,1.1414,False,False,False,-0.76394,-0.0074906,-0.76394
328,p1,30,3,13.98,25.06,21.74,23.341,1.1527,False,True,False,-0.76436,0.002363,-0.76436
329,p13,36,6,54.96,2.6999,2.4081,2.5499,1.1212,False,False,False,-0.76481,-0.02505,-0.76481
330,p11,46,6,54.96,2.7104,2.3988,2.5498,1.1299,False,False,False,-0.76482,-0.017476,-0.76482
331,p13,42,2,6.32,2.7255,2.3853,2.5497,1.1426,False,False,False,-0.76491,-0.006408,-0.76491
332,p1,30,2,6.32,25.497,22.025,23.697,1.1576,False,True,False,-0.76791,0.0066424,-0.76791
333,p1,24,6,54.96,25.128,22.348,23.697,1.1244,False,False,False,-0.76791,-0.02226,-0.76791
334,p1,28,3.65,20.568,25.486,22.207,23.79,1.1477,False,False,False,-0.76881,-0.0020293,-0.76881
335,p1,18,8,97.28,25.122,22.952,24.013,1.0945,False,False,False,-0.77095,-0.048233,-0.77095
336,p13,42,3,13.98,2.6951,2.3648,2.5246,1.1397,False,False,False,-0.78247,-0.0089798,-0.78247
337,p11,42,8,97.28,2.6646,2.3889,2.523,1.1154,False,False,False,-0.78359,-0.030058,-0.78359
338,p13,40,4.5,31.095,2.6833,2.3698,2.5217,1.1323,False,False,False,-0.78451,-0.01538,-0.78451
339,p13,32,8,97.28,2.6461,2.3961,2.518,1.1043,False,False,False,-0.78713,-0.03974,-0.78713
340,p13,44,1.14,2.1318,2.6865,2.3463,2.5106,1.145,False,False,False,-0.79238,-0.0043291,-0.79238
341,p11,48,6,54.96,2.665,2.3563,2.5059,1.131,False,False,False,-0.79576,-0.01652,-0.79576
342,p13,42,3.65,20.568,2.6698,2.3477,2.5036,1.1372,False,False,False,-0.79742,-0.011119,-0.79742
343,p13,38,6,54.96,2.6465,2.357,2.4975,1.1228,False,False,False,-0.80177,-0.023638,-0.80177
344,p13,44,2,6.32,2.6705,2.3356,2.4974,1.1434,False,False,False,-0.80186,-0.0057311,-0.80186
345,p11,44,8,97.28,2.6215,2.3469,2.4804,1.117,False,False,False,-0.81423,-0.02872,-0.81423
346,p13,44,3,13.98,2.6419,2.3164,2.4738,1.1406,False,False,False,-0.81906,-0.0082163,-0.81906
347,p13,42,4.5,31.095,2.6308,2.321,2.4711,1.1335,False,False,False,-0.82107,-0.014369,-0.82107
348,p13,34,8,97.28,2.5957,2.3458,2.4676,1.1065,False,False,False,-0.82366,-0.037802,-0.82366
349,p13,46,1.14,2.1318,2.6338,2.2989,2.4607,1.1457,False,False,False,-0.82876,-0.0037547,-0.82876
350,p13,44,3.65,20.568,2.6181,2.3003,2.454,1.1382,False,False,False,-0.83371,-0.010286,-0.83371
351,p13,40,6,54.96,2.5961,2.309,2.4483,1.1243,False,False,False,-0.83799,-0.022332,-0.83799
352,p13,46,2,6.32,2.6187,2.2888,2.4482,1.1441,False,False,False,-0.83806,-0.0051071,-0.83806
353,p11,46,8,97.28,2.5803,2.3071,2.4399,1.1184,False,False,False,-0.84436,-0.027463,-0.84436
354,p13,46,3,13.98,2.5918,2.2708,2.426,1.1414,False,False,False,-0.85493,-0.0075085,-0.85493
355,p13,44,4.5,31.095,2.5813,2.2752,2.4234,1.1346,False,False,False,-0.8569,-0.013433,-0.8569
356,p13,36,8,97.28,2.548,2.2985,2.42,1.1086,False,False,False,-0.85948,-0.036008,-0.85948
357,p13,48,1.14,2.1318,2.5841,2.2543,2.4136,1.1463,False,False,False,-0.86445,-0.0032194,-0.86445
358,p13,46,3.65,20.568,2.5692,2.2556,2.4073,1.1391,False,False,False,-0.86931,-0.0095107,-0.86931
359,p13,42,6,54.96,2.5484,2.2638,2.4019,1.1257,False,False,False,-0.87351,-0.02112,-0.87351
360,p13,48,2,6.32,2.5698,2.2448,2.4018,1.1448,False,False,False,-0.87356,-0.0045308,-0.87356
361,p11,48,8,97.28,2.541,2.2692,2.4013,1.1198,False,False,False,-0.87402,-0.026281,-0.87402
362,p13,48,3,13.98,2.5444,2.2278,2.3808,1.1421,False,False,False,-0.89012,-0.0068527,-0.89012
363,p13,46,4.5,31.095,2.5344,2.2319,2.3784,1.1355,False,False,False,-0.89206,-0.012566,-0.89206
364,p13,38,8,97.28,2.5029,2.2539,2.3752,1.1105,False,False,False,-0.89462,-0.034342,-0.89462
365,p13,48,3.65,20.568,2.523,2.2134,2.3632,1.1399,False,False,False,-0.90423,-0.0087928,-0.90423
366,p13,44,6,54.96,2.5033,2.2212,2.358,1.127,False,False,False,-0.90837,-0.019997,-0.90837
367,p13,48,4.5,31.095,2.49,2.191,2.3358,1.1365,False,False,False,-0.92657,-0.011761,-0.92657
368,p13,40,8,97.28,2.4602,2.2118,2.3327,1.1123,False,False,False,-0.92912,-0.032794,-0.92912
369,p13,46,6,54.96,2.4605,2.1809,2.3165,1.1282,False,False,False,-0.94261,-0.018955,-0.94261
370,p13,42,8,97.28,2.4195,2.172,2.2924,1.1139,False,False,False,-0.96301,-0.031349,-0.96301
371,p13,48,6,54.96,2.4198,2.1427,2.277,1.1293,False,False,False,-0.97625,-0.017984,-0.97625
372,p13,44,8,97.28,2.3808,2.1343,2.2541,1.1155,False,False,False,-0.99632,-0.029998,-0.99632
373,p13,46,8,97.28,2.3439,2.0984,2.2178,1.117,False,False,False,-1.0291,-0.028732,-1.0291
374,p13,48,8,97.28,2.3086,2.0643,2.1831,1.1183,False,False,False,-1.0613,-0.027539,-1.0613
