corner_label,temp_c,geometry,f_hz,quantity,simulated,closed_form,rel_err_pct,tol_pct,status
typ,-40,p1,1e9,z_driving_point,1.90054e-01 + j6.51870e-01,1.900549083e-01 + j6.518698940e-01,0.000135,0.5,PASS
typ,-40,p1,5e9,z_driving_point,2.36933e-01 + j3.24501e+00,2.369480275e-01 + j3.245010024e+00,0.000462,0.5,PASS
typ,-40,p1,1e10,z_driving_point,3.37784e-01 + j6.43335e+00,3.378445791e-01 + j6.433351999e+00,0.000941,0.5,PASS
typ,-40,p1,2e10,z_driving_point,5.17335e-01 + j1.27374e+01,5.175799003e-01 + j1.273744159e+01,0.001949,0.5,PASS
typ,-40,p13,1e9,z_driving_point,4.90041e+00 + j3.42669e+01,4.900416224e+00 + j3.426687399e+01,0.000077,0.5,PASS
typ,-40,p13,5e9,z_driving_point,1.55829e+01 + j1.94046e+02,1.558317052e+01 + j1.940453822e+02,0.000346,0.5,PASS
typ,-40,p13,1e10,z_driving_point,1.25055e+02 + j6.43504e+02,1.250479079e+02 + j6.434873640e+02,0.002759,0.5,PASS
typ,-40,p13,2e10,z_driving_point,1.25916e+02 + j-6.95962e+02,1.259104527e+02 + j-6.959441545e+02,0.002642,0.5,PASS
typ,-40,p11,1e9,z_driving_point,3.27782e+00 + j2.89522e+01,3.277829371e+00 + j2.895218467e+01,0.000062,0.5,PASS
typ,-40,p11,5e9,z_driving_point,1.21222e+01 + j1.64625e+02,1.212237409e+01 + j1.646251777e+02,0.000151,0.5,PASS
typ,-40,p11,1e10,z_driving_point,1.08219e+02 + j5.58565e+02,1.082118337e+02 + j5.585490665e+02,0.003071,0.5,PASS
typ,-40,p11,2e10,z_driving_point,9.53326e+01 + j-5.58011e+02,9.532857657e+01 + j-5.579975837e+02,0.002474,0.5,PASS
typ,27,p1,1e9,z_driving_point,2.53680e-01 + j6.51934e-01,2.536803354e-01 + j6.519337672e-01,0.000058,0.5,PASS
typ,27,p1,5e9,z_driving_point,2.90661e-01 + j3.25185e+00,2.906703430e-01 + j3.251853739e+00,0.000308,0.5,PASS
typ,27,p1,1e10,z_driving_point,3.82745e-01 + j6.46737e+00,3.827836688e-01 + j6.467368004e+00,0.000598,0.5,PASS
typ,27,p1,2e10,z_driving_point,5.87128e-01 + j1.28222e+01,5.872842107e-01 + j1.282218888e+01,0.001220,0.5,PASS
typ,27,p13,1e9,z_driving_point,6.50750e+00 + j3.42523e+01,6.507508861e+00 + j3.425226130e+01,0.000114,0.5,PASS
typ,27,p13,5e9,z_driving_point,1.74234e+01 + j1.94037e+02,1.742354921e+01 + j1.940369648e+02,0.000079,0.5,PASS
typ,27,p13,1e10,z_driving_point,1.30203e+02 + j6.44186e+02,1.301949209e+02 + j6.441691010e+02,0.002850,0.5,PASS
typ,27,p13,2e10,z_driving_point,1.26957e+02 + j-6.93672e+02,1.269502659e+02 + j-6.936547900e+02,0.002621,0.5,PASS
typ,27,p11,1e9,z_driving_point,4.34289e+00 + j2.89428e+01,4.342894270e+00 + j2.894279794e+01,0.000016,0.5,PASS
typ,27,p11,5e9,z_driving_point,1.33392e+01 + j1.64630e+02,1.333928595e+01 + j1.646295354e+02,0.000286,0.5,PASS
typ,27,p11,1e10,z_driving_point,1.11795e+02 + j5.59163e+02,1.117867568e+02 + j5.591478730e+02,0.003021,0.5,PASS
typ,27,p11,2e10,z_driving_point,9.59619e+01 + j-5.56593e+02,9.595719010e+01 + j-5.565795290e+02,0.002527,0.5,PASS
typ,125,p1,1e9,z_driving_point,3.47108e-01 + j6.51969e-01,3.471082866e-01 + j6.519688108e-01,0.000046,0.5,PASS
typ,125,p1,5e9,z_driving_point,3.75160e-01 + j3.25621e+00,3.751673758e-01 + j3.256207679e+00,0.000236,0.5,PASS
typ,125,p1,1e10,z_driving_point,4.52434e-01 + j6.49360e+00,4.524650177e-01 + j6.493601773e+00,0.000477,0.5,PASS
typ,125,p1,2e10,z_driving_point,6.64460e-01 + j1.29141e+01,6.645870077e-01 + j1.291408610e+01,0.000988,0.5,PASS
typ,125,p13,1e9,z_driving_point,8.86409e+00 + j3.42274e+01,8.864091488e+00 + j3.422735582e+01,0.000125,0.5,PASS
typ,125,p13,5e9,z_driving_point,2.02435e+01 + j1.93865e+02,2.024354161e+01 + j1.938643094e+02,0.000355,0.5,PASS
typ,125,p13,1e10,z_driving_point,1.37434e+02 + j6.43475e+02,1.374250176e+02 + j6.434586367e+02,0.002837,0.5,PASS
typ,125,p13,2e10,z_driving_point,1.28229e+02 + j-6.91129e+02,1.282213970e+02 + j-6.911118392e+02,0.002670,0.5,PASS
typ,125,p11,1e9,z_driving_point,5.90514e+00 + j2.89270e+01,5.905140618e+00 + j2.892697734e+01,0.000077,0.5,PASS
typ,125,p11,5e9,z_driving_point,1.52120e+01 + j1.64522e+02,1.521204837e+01 + j1.645221214e+02,0.000079,0.5,PASS
typ,125,p11,1e10,z_driving_point,1.16795e+02 + j5.58767e+02,1.167857319e+02 + j5.587521119e+02,0.003072,0.5,PASS
typ,125,p11,2e10,z_driving_point,9.67155e+01 + j-5.55028e+02,9.671016838e+01 + j-5.550155083e+02,0.002411,0.5,PASS
rlo,-40,p1,1e9,z_driving_point,1.31263e-01 + j6.51702e-01,1.312638719e-01 + j6.517019334e-01,0.000132,0.5,PASS
rlo,-40,p1,5e9,z_driving_point,1.91891e-01 + j3.23014e+00,1.919121246e-01 + j3.230142268e+00,0.000657,0.5,PASS
rlo,-40,p1,1e10,z_driving_point,2.90731e-01 + j6.37921e+00,2.908150244e-01 + j6.379211850e+00,0.001316,0.5,PASS
rlo,-40,p1,2e10,z_driving_point,4.30198e-01 + j1.26426e+01,4.305385160e-01 + j1.264258265e+01,0.002695,0.5,PASS
rlo,-40,p13,1e9,z_driving_point,3.70669e+00 + j3.42746e+01,3.706706337e+00 + j3.427458802e+01,0.000059,0.5,PASS
rlo,-40,p13,5e9,z_driving_point,1.43497e+01 + j1.93796e+02,1.435013144e+01 + j1.937953277e+02,0.000411,0.5,PASS
rlo,-40,p13,1e10,z_driving_point,1.20444e+02 + j6.41119e+02,1.204393696e+02 + j6.411018065e+02,0.002730,0.5,PASS
rlo,-40,p13,2e10,z_driving_point,1.24917e+02 + j-6.98462e+02,1.249139737e+02 + j-6.984426439e+02,0.002761,0.5,PASS
rlo,-40,p11,1e9,z_driving_point,2.42460e+00 + j2.89576e+01,2.424613234e+00 + j2.895761666e+01,0.000073,0.5,PASS
rlo,-40,p11,5e9,z_driving_point,1.12341e+01 + j1.64446e+02,1.123436350e+01 + j1.644455525e+02,0.000315,0.5,PASS
rlo,-40,p11,1e10,z_driving_point,1.04731e+02 + j5.56796e+02,1.047257994e+02 + j5.567798023e+02,0.003003,0.5,PASS
rlo,-40,p11,2e10,z_driving_point,9.46555e+01 + j-5.59591e+02,9.465291874e+01 + j-5.595770597e+02,0.002498,0.5,PASS
rlo,27,p1,1e9,z_driving_point,1.74223e-01 + j6.51841e-01,1.742239610e-01 + j6.518414575e-01,0.000158,0.5,PASS
rlo,27,p1,5e9,z_driving_point,2.24312e-01 + j3.24222e+00,2.243282758e-01 + j3.242217554e+00,0.000506,0.5,PASS
rlo,27,p1,1e10,z_driving_point,3.26207e-01 + j6.42143e+00,3.262720865e-01 + j6.421432903e+00,0.001013,0.5,PASS
rlo,27,p1,2e10,z_driving_point,4.96395e-01 + j1.27135e+01,4.966581350e-01 + j1.271346236e+01,0.002089,0.5,PASS
rlo,27,p13,1e9,z_driving_point,4.89546e+00 + j3.42664e+01,4.895474844e+00 + j3.426637216e+01,0.000091,0.5,PASS
rlo,27,p13,5e9,z_driving_point,1.56487e+01 + j1.93971e+02,1.564901493e+01 + j1.939703231e+02,0.000384,0.5,PASS
rlo,27,p13,1e10,z_driving_point,1.25044e+02 + j6.42626e+02,1.250375404e+02 + j6.426086173e+02,0.002833,0.5,PASS
rlo,27,p13,2e10,z_driving_point,1.26005e+02 + j-6.96454e+02,1.260000190e+02 + j-6.964354875e+02,0.002709,0.5,PASS
rlo,27,p11,1e9,z_driving_point,3.19061e+00 + j2.89526e+01,3.190616862e+00 + j2.895260364e+01,0.000027,0.5,PASS
rlo,27,p11,5e9,z_driving_point,1.20611e+01 + j1.64582e+02,1.206130266e+01 + j1.645814729e+02,0.000342,0.5,PASS
rlo,27,p11,1e10,z_driving_point,1.07900e+02 + j5.58014e+02,1.078933001e+02 + j5.579981019e+02,0.003036,0.5,PASS
rlo,27,p11,2e10,z_driving_point,9.53054e+01 + j-5.58356e+02,9.530165646e+01 + j-5.583419331e+02,0.002570,0.5,PASS
rlo,125,p1,1e9,z_driving_point,2.37584e-01 + j6.51923e-01,2.375842574e-01 + j6.519225884e-01,0.000070,0.5,PASS
rlo,125,p1,5e9,z_driving_point,2.76684e-01 + j3.25058e+00,2.766948487e-01 + j3.250584871e+00,0.000365,0.5,PASS
rlo,125,p1,1e10,z_driving_point,3.71340e-01 + j6.46047e+00,3.713838719e-01 + j6.460466812e+00,0.000680,0.5,PASS
rlo,125,p1,2e10,z_driving_point,5.71300e-01 + j1.28025e+01,5.714773936e-01 + j1.280252552e+01,0.001398,0.5,PASS
rlo,125,p13,1e9,z_driving_point,6.64363e+00 + j3.42506e+01,6.643639264e+00 + j3.425063400e+01,0.000101,0.5,PASS
rlo,125,p13,5e9,z_driving_point,1.76474e+01 + j1.93984e+02,1.764760079e+01 + j1.939837631e+02,0.000159,0.5,PASS
rlo,125,p13,1e10,z_driving_point,1.30823e+02 + j6.43447e+02,1.308155283e+02 + j6.434303337e+02,0.002782,0.5,PASS
rlo,125,p13,2e10,z_driving_point,1.27256e+02 + j-6.93976e+02,1.272494715e+02 + j-6.939586844e+02,0.002623,0.5,PASS
rlo,125,p11,1e9,z_driving_point,4.31784e+00 + j2.89429e+01,4.317840807e+00 + j2.894288850e+01,0.000039,0.5,PASS
rlo,125,p11,5e9,z_driving_point,1.33420e+01 + j1.64607e+02,1.334211530e+01 + j1.646067183e+02,0.000184,0.5,PASS
rlo,125,p11,1e10,z_driving_point,1.11812e+02 + j5.58770e+02,1.118041109e+02 + j5.587540571e+02,0.003122,0.5,PASS
rlo,125,p11,2e10,z_driving_point,9.60379e+01 + j-5.56835e+02,9.603331871e+01 + j-5.568222225e+02,0.002402,0.5,PASS
rhi,-40,p1,1e9,z_driving_point,2.49319e-01 + j6.51931e-01,2.493196235e-01 + j6.519309678e-01,0.000089,0.5,PASS
rhi,-40,p1,5e9,z_driving_point,2.86849e-01 + j3.25153e+00,2.868624129e-01 + j3.251532343e+00,0.000417,0.5,PASS
rhi,-40,p1,1e10,z_driving_point,3.79631e-01 + j6.46559e+00,3.796830301e-01 + j6.465591226e+00,0.000804,0.5,PASS
rhi,-40,p1,2e10,z_driving_point,5.82893e-01 + j1.28170e+01,5.831029014e-01 + j1.281697992e+01,0.001643,0.5,PASS
rhi,-40,p13,1e9,z_driving_point,6.10279e+00 + j3.42563e+01,6.102795304e+00 + j3.425632442e+01,0.000072,0.5,PASS
rhi,-40,p13,5e9,z_driving_point,1.69157e+01 + j1.94079e+02,1.691586195e+01 + j1.940783730e+02,0.000332,0.5,PASS
rhi,-40,p13,1e10,z_driving_point,1.28837e+02 + j6.44547e+02,1.288288607e+02 + j6.445306934e+02,0.002773,0.5,PASS
rhi,-40,p13,2e10,z_driving_point,1.26600e+02 + j-6.93935e+02,1.265939923e+02 + j-6.939179838e+02,0.002558,0.5,PASS
rhi,-40,p11,1e9,z_driving_point,4.13726e+00 + j2.89448e+01,4.137263470e+00 + j2.894479741e+01,0.000015,0.5,PASS
rhi,-40,p11,5e9,z_driving_point,1.30820e+01 + j1.64649e+02,1.308207653e+01 + j1.646487821e+02,0.000140,0.5,PASS
rhi,-40,p11,1e10,z_driving_point,1.11073e+02 + j5.59330e+02,1.110654234e+02 + j5.593140132e+02,0.003102,0.5,PASS
rhi,-40,p11,2e10,z_driving_point,9.58043e+01 + j-5.56726e+02,9.579964521e+01 + j-5.567127619e+02,0.002484,0.5,PASS
rhi,27,p1,1e9,z_driving_point,3.33495e-01 + j6.51966e-01,3.334952678e-01 + j6.519657204e-01,0.000053,0.5,PASS
rhi,27,p1,5e9,z_driving_point,3.62572e-01 + j3.25578e+00,3.625799573e-01 + j3.255783349e+00,0.000264,0.5,PASS
rhi,27,p1,1e10,z_driving_point,4.41861e-01 + j6.49085e+00,4.418924363e-01 + j6.490849797e+00,0.000483,0.5,PASS
rhi,27,p1,2e10,z_driving_point,6.54213e-01 + j1.29029e+01,6.543403339e-01 + j1.290286646e+01,0.001019,0.5,PASS
rhi,27,p13,1e9,z_driving_point,8.12578e+00 + j3.42356e+01,8.125785086e+00 + j3.423562362e+01,0.000069,0.5,PASS
rhi,27,p13,5e9,z_driving_point,1.93190e+01 + j1.93947e+02,1.931909843e+01 + j1.939468744e+02,0.000082,0.5,PASS
rhi,27,p13,1e10,z_driving_point,1.35011e+02 + j6.44173e+02,1.350018666e+02 + j6.441568887e+02,0.002814,0.5,PASS
rhi,27,p13,2e10,z_driving_point,1.27661e+02 + j-6.91617e+02,1.276537129e+02 + j-6.915999755e+02,0.002633,0.5,PASS
rhi,27,p11,1e9,z_driving_point,5.49967e+00 + j2.89313e+01,5.499676579e+00 + j2.893131467e+01,0.000055,0.5,PASS
rhi,27,p11,5e9,z_driving_point,1.47045e+01 + j1.64566e+02,1.470451746e+01 + j1.645652296e+02,0.000466,0.5,PASS
rhi,27,p11,1e10,z_driving_point,1.15417e+02 + j5.59133e+02,1.154082415e+02 + j5.591179025e+02,0.003057,0.5,PASS
rhi,27,p11,2e10,z_driving_point,9.64506e+01 + j-5.55288e+02,9.644527714e+01 + j-5.552749969e+02,0.002493,0.5,PASS
rhi,125,p1,1e9,z_driving_point,4.56896e-01 + j6.51982e-01,4.568958266e-01 + j6.519820207e-01,0.000022,0.5,PASS
rhi,125,p1,5e9,z_driving_point,4.78771e-01 + j3.25838e+00,4.787763148e-01 + j3.258380462e+00,0.000162,0.5,PASS
rhi,125,p1,1e10,z_driving_point,5.42339e-01 + j6.50850e+00,5.423623692e-01 + j6.508498253e+00,0.000359,0.5,PASS
rhi,125,p1,2e10,z_driving_point,7.43043e-01 + j1.29837e+01,7.431377278e-01 + j1.298365728e+01,0.000799,0.5,PASS
rhi,125,p13,1e9,z_driving_point,1.10885e+01 + j3.42009e+01,1.108849057e+01 + j3.420091192e+01,0.000042,0.5,PASS
rhi,125,p13,5e9,z_driving_point,2.29525e+01 + j1.93640e+02,2.295255522e+01 + j1.936391796e+02,0.000422,0.5,PASS
rhi,125,p13,1e10,z_driving_point,1.44162e+02 + j6.42028e+02,1.441516882e+02 + j6.420123818e+02,0.002844,0.5,PASS
rhi,125,p13,2e10,z_driving_point,1.29236e+02 + j-6.89181e+02,1.292280857e+02 + j-6.891647173e+02,0.002582,0.5,PASS
rhi,125,p11,1e9,z_driving_point,7.49534e+00 + j2.89090e+01,7.495346887e+00 + j2.890904478e+01,0.000152,0.5,PASS
rhi,125,p11,5e9,z_driving_point,1.71638e+01 + j1.64363e+02,1.716379918e+01 + j1.643623788e+02,0.000376,0.5,PASS
rhi,125,p11,1e10,z_driving_point,1.21862e+02 + j5.57659e+02,1.218522961e+02 + j5.576445135e+02,0.003055,0.5,PASS
rhi,125,p11,2e10,z_driving_point,9.74015e+01 + j-5.53797e+02,9.739568999e+01 + j-5.537845162e+02,0.002449,0.5,PASS
slo,-40,p1,1e9,z_driving_point,1.90054e-01 + j6.51871e-01,1.900548721e-01 + j6.518711803e-01,0.000131,0.5,PASS
slo,-40,p1,5e9,z_driving_point,2.37032e-01 + j3.24508e+00,2.370473125e-01 + j3.245075702e+00,0.000489,0.5,PASS
slo,-40,p1,1e10,z_driving_point,3.38282e-01 + j6.43349e+00,3.383423218e-01 + j6.433491570e+00,0.000937,0.5,PASS
slo,-40,p1,2e10,z_driving_point,5.19403e-01 + j1.27377e+01,5.196478558e-01 + j1.273766920e+01,0.001936,0.5,PASS
slo,-40,p13,1e9,z_driving_point,4.90174e+00 + j3.43011e+01,4.901752467e+00 + j3.430109862e+01,0.000036,0.5,PASS
slo,-40,p13,5e9,z_driving_point,1.81564e+01 + j1.94939e+02,1.815663627e+01 + j1.949386238e+02,0.000227,0.5,PASS
slo,-40,p13,1e10,z_driving_point,1.56892e+02 + j6.37868e+02,1.568829294e+02 + j6.378529352e+02,0.002677,0.5,PASS
slo,-40,p13,2e10,z_driving_point,1.58018e+02 + j-6.76811e+02,1.580107435e+02 + j-6.767946348e+02,0.002576,0.5,PASS
slo,-40,p11,1e9,z_driving_point,3.27805e+00 + j2.89824e+01,3.278055120e+00 + j2.898241752e+01,0.000063,0.5,PASS
slo,-40,p11,5e9,z_driving_point,1.43577e+01 + j1.65400e+02,1.435780818e+01 + j1.653997702e+02,0.000153,0.5,PASS
slo,-40,p11,1e10,z_driving_point,1.37059e+02 + j5.53216e+02,1.370494575e+02 + j5.532016652e+02,0.003022,0.5,PASS
slo,-40,p11,2e10,z_driving_point,1.20482e+02 + j-5.43838e+02,1.204767060e+02 + j-5.438255704e+02,0.002425,0.5,PASS
slo,27,p1,1e9,z_driving_point,2.53680e-01 + j6.51935e-01,2.536805349e-01 + j6.519351184e-01,0.000078,0.5,PASS
slo,27,p1,5e9,z_driving_point,2.90763e-01 + j3.25192e+00,2.907724080e-01 + j3.251916583e+00,0.000307,0.5,PASS
slo,27,p1,1e10,z_driving_point,3.83251e-01 + j6.46750e+00,3.832888960e-01 + j6.467502449e+00,0.000586,0.5,PASS
slo,27,p1,2e10,z_driving_point,5.89227e-01 + j1.28224e+01,5.893829777e-01 + j1.282239798e+01,0.001215,0.5,PASS
slo,27,p13,1e9,z_driving_point,6.51202e+00 + j3.42867e+01,6.512029724e+00 + j3.428671245e+01,0.000045,0.5,PASS
slo,27,p13,5e9,z_driving_point,2.00169e+01 + j1.94883e+02,2.001706377e+01 + j1.948825878e+02,0.000226,0.5,PASS
slo,27,p13,1e10,z_driving_point,1.62102e+02 + j6.38040e+02,1.620913354e+02 + j6.380253607e+02,0.002751,0.5,PASS
slo,27,p13,2e10,z_driving_point,1.58796e+02 + j-6.74510e+02,1.587877829e+02 + j-6.744943342e+02,0.002553,0.5,PASS
slo,27,p11,1e9,z_driving_point,4.34532e+00 + j2.89732e+01,4.345329313e+00 + j2.897320421e+01,0.000035,0.5,PASS
slo,27,p11,5e9,z_driving_point,1.55883e+01 + j1.65372e+02,1.558835765e+01 + j1.653719053e+02,0.000067,0.5,PASS
slo,27,p11,1e10,z_driving_point,1.40689e+02 + j5.53444e+02,1.406785119e+02 + j5.534301567e+02,0.003041,0.5,PASS
slo,27,p11,2e10,z_driving_point,1.20955e+02 + j-5.42412e+02,1.209488043e+02 + j-5.423999306e+02,0.002441,0.5,PASS
slo,125,p1,1e9,z_driving_point,3.47109e-01 + j6.51970e-01,3.471088554e-01 + j6.519702232e-01,0.000036,0.5,PASS
slo,125,p1,5e9,z_driving_point,3.75266e-01 + j3.25627e+00,3.752733532e-01 + j3.256265681e+00,0.000260,0.5,PASS
slo,125,p1,1e10,z_driving_point,4.52947e-01 + j6.49373e+00,4.529777624e-01 + j6.493726807e+00,0.000475,0.5,PASS
slo,125,p1,2e10,z_driving_point,6.66593e-01 + j1.29143e+01,6.667193956e-01 + j1.291427426e+01,0.000997,0.5,PASS
slo,125,p13,1e9,z_driving_point,8.87334e+00 + j3.42619e+01,8.873342300e+00 + j3.426187141e+01,0.000081,0.5,PASS
slo,125,p13,5e9,z_driving_point,2.28627e+01 + j1.94635e+02,2.286275788e+01 + j1.946348625e+02,0.000076,0.5,PASS
slo,125,p13,1e10,z_driving_point,1.69248e+02 + j6.36616e+02,1.692360798e+02 + j6.366013246e+02,0.002870,0.5,PASS
slo,125,p13,2e10,z_driving_point,1.59773e+02 + j-6.71943e+02,1.597633624e+02 + j-6.719286231e+02,0.002506,0.5,PASS
slo,125,p11,1e9,z_driving_point,5.91084e+00 + j2.89575e+01,5.910845515e+00 + j2.895749013e+01,0.000038,0.5,PASS
slo,125,p11,5e9,z_driving_point,1.74786e+01 + j1.65214e+02,1.747860543e+01 + j1.652134533e+02,0.000329,0.5,PASS
slo,125,p11,1e10,z_driving_point,1.45633e+02 + j5.52532e+02,1.456219893e+02 + j5.525190577e+02,0.002974,0.5,PASS
slo,125,p11,2e10,z_driving_point,1.21534e+02 + j-5.40833e+02,1.215273912e+02 + j-5.408222076e+02,0.002283,0.5,PASS
shi,-40,p1,1e9,z_driving_point,1.90054e-01 + j6.51869e-01,1.900546913e-01 + j6.518687894e-01,0.000106,0.5,PASS
shi,-40,p1,5e9,z_driving_point,2.36864e-01 + j3.24498e+00,2.368794367e-01 + j3.244978681e+00,0.000476,0.5,PASS
shi,-40,p1,1e10,z_driving_point,3.37475e-01 + j6.43329e+00,3.375353617e-01 + j6.433292991e+00,0.000938,0.5,PASS
shi,-40,p1,2e10,z_driving_point,5.16085e-01 + j1.27374e+01,5.163296812e-01 + j1.273735843e+01,0.001947,0.5,PASS
shi,-40,p13,1e9,z_driving_point,4.89258e+00 + j3.42406e+01,4.892594260e+00 + j3.424060344e+01,0.000042,0.5,PASS
shi,-40,p13,5e9,z_driving_point,1.39673e+01 + j1.93646e+02,1.396755148e+01 + j1.936452813e+02,0.000392,0.5,PASS
shi,-40,p13,1e10,z_driving_point,1.05806e+02 + j6.46506e+02,1.058004769e+02 + j6.464886948e+02,0.002773,0.5,PASS
shi,-40,p13,2e10,z_driving_point,1.04925e+02 + j-7.05504e+02,1.049207524e+02 + j-7.054845694e+02,0.002789,0.5,PASS
shi,-40,p11,1e9,z_driving_point,3.27168e+00 + j2.89290e+01,3.271683436e+00 + j2.892895724e+01,0.000147,0.5,PASS
shi,-40,p11,5e9,z_driving_point,1.07221e+01 + j1.64275e+02,1.072223608e+01 + j1.642742725e+02,0.000450,0.5,PASS
shi,-40,p11,1e10,z_driving_point,9.07641e+01 + j5.61341e+02,9.075854100e+01 + j5.613243060e+02,0.003094,0.5,PASS
shi,-40,p11,2e10,z_driving_point,7.90026e+01 + j-5.65019e+02,7.899972683e+01 + j-5.650045773e+02,0.002578,0.5,PASS
shi,27,p1,1e9,z_driving_point,2.53680e-01 + j6.51933e-01,2.536799046e-01 + j6.519326527e-01,0.000051,0.5,PASS
shi,27,p1,5e9,z_driving_point,2.90591e-01 + j3.25182e+00,2.906002909e-01 + j3.251824442e+00,0.000315,0.5,PASS
shi,27,p1,1e10,z_driving_point,3.82432e-01 + j6.46731e+00,3.824701743e-01 + j6.467312491e+00,0.000590,0.5,PASS
shi,27,p1,2e10,z_driving_point,5.85860e-01 + j1.28221e+01,5.860159321e-01 + j1.282211765e+01,0.001223,0.5,PASS
shi,27,p13,1e9,z_driving_point,6.49717e+00 + j3.42264e+01,6.497175048e+00 + j3.422644597e+01,0.000133,0.5,PASS
shi,27,p13,5e9,z_driving_point,1.57979e+01 + j1.93667e+02,1.579810856e+01 + j1.936667321e+02,0.000175,0.5,PASS
shi,27,p13,1e10,z_driving_point,1.10899e+02 + j6.47492e+02,1.108921599e+02 + j6.474743167e+02,0.002886,0.5,PASS
shi,27,p13,2e10,z_driving_point,1.06127e+02 + j-7.03245e+02,1.061218843e+02 + j-7.032267905e+02,0.002660,0.5,PASS
shi,27,p11,1e9,z_driving_point,4.33501e+00 + j2.89199e+01,4.335015043e+00 + j2.891987305e+01,0.000094,0.5,PASS
shi,27,p11,5e9,z_driving_point,1.19323e+01 + j1.64299e+02,1.193239656e+01 + j1.642987902e+02,0.000140,0.5,PASS
shi,27,p11,1e10,z_driving_point,9.42925e+01 + j5.62160e+02,9.428598718e+01 + j5.621434336e+02,0.003123,0.5,PASS
shi,27,p11,2e10,z_driving_point,7.97278e+01 + j-5.63619e+02,7.972411757e+01 + j-5.636054892e+02,0.002460,0.5,PASS
shi,125,p1,1e9,z_driving_point,3.47107e-01 + j6.51968e-01,3.471075289e-01 + j6.519677152e-01,0.000081,0.5,PASS
shi,125,p1,5e9,z_driving_point,3.75088e-01 + j3.25618e+00,3.750953510e-01 + j3.256181796e+00,0.000231,0.5,PASS
shi,125,p1,1e10,z_driving_point,4.52116e-01 + j6.49355e+00,4.521474469e-01 + j6.493552358e+00,0.000484,0.5,PASS
shi,125,p1,2e10,z_driving_point,6.63173e-01 + j1.29140e+01,6.632990426e-01 + j1.291402834e+01,0.000999,0.5,PASS
shi,125,p13,1e9,z_driving_point,8.85008e+00 + j3.42024e+01,8.850080762e+00 + j3.420242676e+01,0.000076,0.5,PASS
shi,125,p13,5e9,z_driving_point,1.86061e+01 + j1.93541e+02,1.860618686e+01 + j1.935408886e+02,0.000073,0.5,PASS
shi,125,p13,1e10,z_driving_point,1.18155e+02 + j6.47213e+02,1.181476586e+02 + j6.471962912e+02,0.002774,0.5,PASS
shi,125,p13,2e10,z_driving_point,1.07580e+02 + j-7.00744e+02,1.075735140e+02 + j-7.007257508e+02,0.002732,0.5,PASS
shi,125,p11,1e9,z_driving_point,5.89472e+00 + j2.89046e+01,5.894725632e+00 + j2.890461539e+01,0.000056,0.5,PASS
shi,125,p11,5e9,z_driving_point,1.37969e+01 + j1.64223e+02,1.379695200e+01 + j1.642231236e+02,0.000081,0.5,PASS
shi,125,p11,1e10,z_driving_point,9.93049e+01 + j5.62076e+02,9.929744683e+01 + j5.620598445e+02,0.003117,0.5,PASS
shi,125,p11,2e10,z_driving_point,8.05877e+01 + j-5.62079e+02,8.058335202e+01 + j-5.620658038e+02,0.002447,0.5,PASS
rlo_slo,-40,p1,1e9,z_driving_point,1.31263e-01 + j6.51703e-01,1.312636292e-01 + j6.517031428e-01,0.000097,0.5,PASS
rlo_slo,-40,p1,5e9,z_driving_point,1.91988e-01 + j3.23021e+00,1.920085298e-01 + j3.230209864e+00,0.000634,0.5,PASS
rlo_slo,-40,p1,1e10,z_driving_point,2.91218e-01 + j6.37936e+00,2.913021513e-01 + j6.379355734e+00,0.001319,0.5,PASS
rlo_slo,-40,p1,2e10,z_driving_point,4.32231e-01 + j1.26428e+01,4.325716659e-01 + j1.264283351e+01,0.002706,0.5,PASS
rlo_slo,-40,p13,1e9,z_driving_point,3.70568e+00 + j3.43085e+01,3.705699528e+00 + j3.430854495e+01,0.000142,0.5,PASS
rlo_slo,-40,p13,5e9,z_driving_point,1.69030e+01 + j1.94718e+02,1.690335477e+01 + j1.947174660e+02,0.000328,0.5,PASS
rlo_slo,-40,p13,1e10,z_driving_point,1.52049e+02 + j6.35939e+02,1.520415229e+02 + j6.359223403e+02,0.002793,0.5,PASS
rlo_slo,-40,p13,2e10,z_driving_point,1.57302e+02 + j-6.79309e+02,1.572964976e+02 + j-6.792921345e+02,0.002544,0.5,PASS
rlo_slo,-40,p11,1e9,z_driving_point,2.42307e+00 + j2.89877e+01,2.423081350e+00 + j2.898764905e+01,0.000179,0.5,PASS
rlo_slo,-40,p11,5e9,z_driving_point,1.34548e+01 + j1.65242e+02,1.345504276e+01 + j1.652415846e+02,0.000290,0.5,PASS
rlo_slo,-40,p11,1e10,z_driving_point,1.33395e+02 + j5.51809e+02,1.333866114e+02 + j5.517939987e+02,0.003028,0.5,PASS
rlo_slo,-40,p11,2e10,z_driving_point,1.19979e+02 + j-5.45424e+02,1.199749068e+02 + j-5.454114380e+02,0.002366,0.5,PASS
rlo_slo,27,p1,1e9,z_driving_point,1.74223e-01 + j6.51843e-01,1.742238681e-01 + j6.518427247e-01,0.000135,0.5,PASS
rlo_slo,27,p1,5e9,z_driving_point,2.24411e-01 + j3.24228e+00,2.244268341e-01 + j3.242283835e+00,0.000501,0.5,PASS
rlo_slo,27,p1,1e10,z_driving_point,3.26702e-01 + j6.42157e+00,3.267674239e-01 + j6.421573617e+00,0.001019,0.5,PASS
rlo_slo,27,p1,2e10,z_driving_point,4.98454e-01 + j1.27137e+01,4.987173343e-01 + j1.271369553e+01,0.002070,0.5,PASS
rlo_slo,27,p13,1e9,z_driving_point,4.89679e+00 + j3.43006e+01,4.896801458e+00 + j3.430059479e+01,0.000036,0.5,PASS
rlo_slo,27,p13,5e9,z_driving_point,1.82210e+01 + j1.94861e+02,1.822127956e+01 + j1.948610335e+02,0.000144,0.5,PASS
rlo_slo,27,p13,1e10,z_driving_point,1.56795e+02 + j6.36992e+02,1.567858909e+02 + j6.369759004e+02,0.002820,0.5,PASS
rlo_slo,27,p13,2e10,z_driving_point,1.58151e+02 + j-6.77274e+02,1.581445334e+02 + j-6.772579822e+02,0.002484,0.5,PASS
rlo_slo,27,p11,1e9,z_driving_point,3.19066e+00 + j2.89828e+01,3.190662496e+00 + j2.898281805e+01,0.000062,0.5,PASS
rlo_slo,27,p11,5e9,z_driving_point,1.42947e+01 + j1.65358e+02,1.429489542e+01 + j1.653571918e+02,0.000501,0.5,PASS
rlo_slo,27,p11,1e10,z_driving_point,1.36684e+02 + j5.52699e+02,1.366747010e+02 + j5.526845333e+02,0.003021,0.5,PASS
rlo_slo,27,p11,2e10,z_driving_point,1.20488e+02 + j-5.44172e+02,1.204832696e+02 + j-5.441599238e+02,0.002327,0.5,PASS
rlo_slo,125,p1,1e9,z_driving_point,2.37584e-01 + j6.51924e-01,2.375843961e-01 + j6.519239249e-01,0.000058,0.5,PASS
rlo_slo,125,p1,5e9,z_driving_point,2.76785e-01 + j3.25065e+00,2.767962240e-01 + j3.250648480e+00,0.000347,0.5,PASS
rlo_slo,125,p1,1e10,z_driving_point,3.71844e-01 + j6.46060e+00,3.718874639e-01 + j6.460602653e+00,0.000673,0.5,PASS
rlo_slo,125,p1,2e10,z_driving_point,5.73392e-01 + j1.28027e+01,5.735690188e-01 + j1.280273883e+01,0.001414,0.5,PASS
rlo_slo,125,p13,1e9,z_driving_point,6.64842e+00 + j3.42851e+01,6.648431455e+00 + j3.428509694e+01,0.000034,0.5,PASS
rlo_slo,125,p13,5e9,z_driving_point,2.02420e+01 + j1.94823e+02,2.024217487e+01 + j1.948230073e+02,0.000089,0.5,PASS
rlo_slo,125,p13,1e10,z_driving_point,1.62648e+02 + j6.37241e+02,1.626379332e+02 + j6.372264265e+02,0.002693,0.5,PASS
rlo_slo,125,p13,2e10,z_driving_point,1.59113e+02 + j-6.74773e+02,1.591046393e+02 + j-6.747573237e+02,0.002563,0.5,PASS
rlo_slo,125,p11,1e9,z_driving_point,4.32022e+00 + j2.89733e+01,4.320223715e+00 + j2.897329134e+01,0.000032,0.5,PASS
rlo_slo,125,p11,5e9,z_driving_point,1.55905e+01 + j1.65349e+02,1.559061204e+01 + j1.653487617e+02,0.000159,0.5,PASS
rlo_slo,125,p11,1e10,z_driving_point,1.40666e+02 + j5.53049e+02,1.406551510e+02 + j5.530355220e+02,0.003032,0.5,PASS
rlo_slo,125,p11,2e10,z_driving_point,1.21051e+02 + j-5.42638e+02,1.210449983e+02 + j-5.426266125e+02,0.002315,0.5,PASS
rlo_shi,-40,p1,1e9,z_driving_point,1.31263e-01 + j6.51701e-01,1.312638459e-01 + j6.517008547e-01,0.000129,0.5,PASS
rlo_shi,-40,p1,5e9,z_driving_point,1.91824e-01 + j3.23011e+00,1.918451474e-01 + j3.230109440e+00,0.000654,0.5,PASS
rlo_shi,-40,p1,1e10,z_driving_point,2.90428e-01 + j6.37915e+00,2.905120259e-01 + j6.379149677e+00,0.001316,0.5,PASS
rlo_shi,-40,p1,2e10,z_driving_point,4.28968e-01 + j1.26425e+01,4.293086363e-01 + j1.264248459e+01,0.002696,0.5,PASS
rlo_shi,-40,p13,1e9,z_driving_point,3.70074e+00 + j3.42481e+01,3.700752447e+00 + j3.424806060e+01,0.000120,0.5,PASS
rlo_shi,-40,p13,5e9,z_driving_point,1.27449e+01 + j1.93377e+02,1.274536607e+01 + j1.933767077e+02,0.000284,0.5,PASS
rlo_shi,-40,p13,1e10,z_driving_point,1.01351e+02 + j6.43856e+02,1.013481151e+02 + j6.438382643e+02,0.002757,0.5,PASS
rlo_shi,-40,p13,2e10,z_driving_point,1.03751e+02 + j-7.07977e+02,1.037498382e+02 + j-7.079569268e+02,0.002810,0.5,PASS
rlo_shi,-40,p11,1e9,z_driving_point,2.41985e+00 + j2.89342e+01,2.419858565e+00 + j2.893419647e+01,0.000032,0.5,PASS
rlo_shi,-40,p11,5e9,z_driving_point,9.84185e+00 + j1.64081e+02,9.842156113e+00 + j1.640809691e+02,0.000187,0.5,PASS
rlo_shi,-40,p11,1e10,z_driving_point,8.73971e+01 + j5.59362e+02,8.739317462e+01 + j5.593450094e+02,0.003080,0.5,PASS
rlo_shi,-40,p11,2e10,z_driving_point,7.82190e+01 + j-5.66579e+02,7.821751009e+01 + j-5.665642042e+02,0.002600,0.5,PASS
rlo_shi,27,p1,1e9,z_driving_point,1.74223e-01 + j6.51840e-01,1.742237961e-01 + j6.518403582e-01,0.000129,0.5,PASS
rlo_shi,27,p1,5e9,z_driving_point,2.24244e-01 + j3.24219e+00,2.242600804e-01 + j3.242185761e+00,0.000512,0.5,PASS
rlo_shi,27,p1,1e10,z_driving_point,3.25899e-01 + j6.42137e+00,3.259642696e-01 + j6.421373076e+00,0.001016,0.5,PASS
rlo_shi,27,p1,2e10,z_driving_point,4.95150e-01 + j1.27134e+01,4.954130401e-01 + j1.271337562e+01,0.002076,0.5,PASS
rlo_shi,27,p13,1e9,z_driving_point,4.88765e+00 + j3.42401e+01,4.887660734e+00 + j3.424010124e+01,0.000031,0.5,PASS
rlo_shi,27,p13,5e9,z_driving_point,1.40339e+01 + j1.93572e+02,1.403424876e+01 + j1.935716983e+02,0.000238,0.5,PASS
rlo_shi,27,p13,1e10,z_driving_point,1.05847e+02 + j6.45630e+02,1.058422407e+02 + j6.456120427e+02,0.002840,0.5,PASS
rlo_shi,27,p13,2e10,z_driving_point,1.04984e+02 + j-7.06008e+02,1.049803494e+02 + j-7.059890060e+02,0.002710,0.5,PASS
rlo_shi,27,p11,1e9,z_driving_point,3.18461e+00 + j2.89294e+01,3.184613083e+00 + j2.892935485e+01,0.000155,0.5,PASS
rlo_shi,27,p11,5e9,z_driving_point,1.06620e+01 + j1.64230e+02,1.066222719e+01 + j1.642297990e+02,0.000184,0.5,PASS
rlo_shi,27,p11,1e10,z_driving_point,9.04804e+01 + j5.60772e+02,9.047513791e+01 + j5.607552825e+02,0.003086,0.5,PASS
rlo_shi,27,p11,2e10,z_driving_point,7.89539e+01 + j-5.65366e+02,7.895125632e+01 + j-5.653520260e+02,0.002491,0.5,PASS
rlo_shi,125,p1,1e9,z_driving_point,2.37583e-01 + j6.51921e-01,2.375838814e-01 + j6.519214746e-01,0.000144,0.5,PASS
rlo_shi,125,p1,5e9,z_driving_point,2.76614e-01 + j3.25055e+00,2.766251530e-01 + j3.250555028e+00,0.000375,0.5,PASS
rlo_shi,125,p1,1e10,z_driving_point,3.71028e-01 + j6.46041e+00,3.710712975e-01 + j6.460410368e+00,0.000669,0.5,PASS
rlo_shi,125,p1,2e10,z_driving_point,5.70036e-01 + j1.28025e+01,5.702133034e-01 + j1.280245158e+01,0.001434,0.5,PASS
rlo_shi,125,p13,1e9,z_driving_point,6.63309e+00 + j3.42249e+01,6.633092929e+00 + j3.422486326e+01,0.000106,0.5,PASS
rlo_shi,125,p13,5e9,z_driving_point,1.60216e+01 + j1.93618e+02,1.602183046e+01 + j1.936174522e+02,0.000306,0.5,PASS
rlo_shi,125,p13,1e10,z_driving_point,1.11561e+02 + j6.46792e+02,1.115550888e+02 + j6.467744135e+02,0.002827,0.5,PASS
rlo_shi,125,p13,2e10,z_driving_point,1.06411e+02 + j-7.03573e+02,1.064063228e+02 + j-7.035542950e+02,0.002710,0.5,PASS
rlo_shi,125,p11,1e9,z_driving_point,4.31000e+00 + j2.89200e+01,4.310002354e+00 + j2.891995598e+01,0.000151,0.5,PASS
rlo_shi,125,p11,5e9,z_driving_point,1.19355e+01 + j1.64276e+02,1.193558956e+01 + j1.642761440e+02,0.000103,0.5,PASS
rlo_shi,125,p11,1e10,z_driving_point,9.43342e+01 + j5.61768e+02,9.432778112e+01 + j5.617517569e+02,0.003066,0.5,PASS
rlo_shi,125,p11,2e10,z_driving_point,7.97900e+01 + j-5.63870e+02,7.978641695e+01 + j-5.638562219e+02,0.002500,0.5,PASS
rhi_slo,-40,p1,1e9,z_driving_point,2.49319e-01 + j6.51932e-01,2.493198065e-01 + j6.519323152e-01,0.000124,0.5,PASS
rhi_slo,-40,p1,5e9,z_driving_point,2.86951e-01 + j3.25160e+00,2.869642917e-01 + j3.251595397e+00,0.000431,0.5,PASS
rhi_slo,-40,p1,1e10,z_driving_point,3.80136e-01 + j6.46573e+00,3.801878280e-01 + j6.465726056e+00,0.000803,0.5,PASS
rhi_slo,-40,p1,2e10,z_driving_point,5.84990e-01 + j1.28172e+01,5.851997761e-01 + j1.281719013e+01,0.001637,0.5,PASS
rhi_slo,-40,p13,1e9,z_driving_point,6.10650e+00 + j3.42907e+01,6.106510996e+00 + j3.429073287e+01,0.000100,0.5,PASS
rhi_slo,-40,p13,5e9,z_driving_point,1.95048e+01 + j1.94938e+02,1.950490043e+01 + j1.949375823e+02,0.000219,0.5,PASS
rhi_slo,-40,p13,1e10,z_driving_point,1.60773e+02 + j6.38537e+02,1.607629982e+02 + j6.385215504e+02,0.002795,0.5,PASS
rhi_slo,-40,p13,2e10,z_driving_point,1.58479e+02 + j-6.74797e+02,1.584709741e+02 + j-6.747816798e+02,0.002495,0.5,PASS
rhi_slo,-40,p11,1e9,z_driving_point,4.13927e+00 + j2.89752e+01,4.139270681e+00 + j2.897517677e+01,0.000079,0.5,PASS
rhi_slo,-40,p11,5e9,z_driving_point,1.53287e+01 + j1.65399e+02,1.532882056e+01 + j1.653981953e+02,0.000490,0.5,PASS
rhi_slo,-40,p11,1e10,z_driving_point,1.39987e+02 + j5.53684e+02,1.399760757e+02 + j5.536704271e+02,0.003051,0.5,PASS
rhi_slo,-40,p11,2e10,z_driving_point,1.20816e+02 + j-5.42555e+02,1.208095373e+02 + j-5.425431360e+02,0.002431,0.5,PASS
rhi_slo,27,p1,1e9,z_driving_point,3.33495e-01 + j6.51967e-01,3.334957811e-01 + j6.519671264e-01,0.000108,0.5,PASS
rhi_slo,27,p1,5e9,z_driving_point,3.62678e-01 + j3.25584e+00,3.626853722e-01 + j3.255842090e+00,0.000234,0.5,PASS
rhi_slo,27,p1,1e10,z_driving_point,4.42373e-01 + j6.49098e+00,4.424042340e-01 + j6.490976328e+00,0.000483,0.5,PASS
rhi_slo,27,p1,2e10,z_driving_point,6.56341e-01 + j1.29031e+01,6.564685726e-01 + j1.290305746e+01,0.001041,0.5,PASS
rhi_slo,27,p13,1e9,z_driving_point,8.13354e+00 + j3.42702e+01,8.133546416e+00 + j3.427015333e+01,0.000134,0.5,PASS
rhi_slo,27,p13,5e9,z_driving_point,2.19306e+01 + j1.94743e+02,2.193068441e+01 + j1.947423564e+02,0.000331,0.5,PASS
rhi_slo,27,p13,1e10,z_driving_point,1.66899e+02 + j6.37552e+02,1.668879425e+02 + j6.375376107e+02,0.002754,0.5,PASS
rhi_slo,27,p13,2e10,z_driving_point,1.59274e+02 + j-6.72467e+02,1.592650669e+02 + j-6.724522933e+02,0.002490,0.5,PASS
rhi_slo,27,p11,1e9,z_driving_point,5.50453e+00 + j2.89618e+01,5.504529517e+00 + j2.896181671e+01,0.000057,0.5,PASS
rhi_slo,27,p11,5e9,z_driving_point,1.69667e+01 + j1.65271e+02,1.696676660e+01 + j1.652705645e+02,0.000265,0.5,PASS
rhi_slo,27,p11,1e10,z_driving_point,1.44298e+02 + j5.53039e+02,1.442867792e+02 + j5.530260217e+02,0.003002,0.5,PASS
rhi_slo,27,p11,2e10,z_driving_point,1.21303e+02 + j-5.41108e+02,1.212965090e+02 + j-5.410970837e+02,0.002290,0.5,PASS
rhi_slo,125,p1,1e9,z_driving_point,4.56897e-01 + j6.51983e-01,4.568968644e-01 + j6.519834534e-01,0.000059,0.5,PASS
rhi_slo,125,p1,5e9,z_driving_point,4.78881e-01 + j3.25843e+00,4.788867461e-01 + j3.258432237e+00,0.000187,0.5,PASS
rhi_slo,125,p1,1e10,z_driving_point,5.42859e-01 + j6.50861e+00,5.428817658e-01 + j6.508610065e+00,0.000349,0.5,PASS
rhi_slo,125,p1,2e10,z_driving_point,7.45202e-01 + j1.29838e+01,7.452965488e-01 + j1.298382274e+01,0.000748,0.5,PASS
rhi_slo,125,p13,1e9,z_driving_point,1.11023e+01 + j3.42352e+01,1.110227039e+01 + j3.423519768e+01,0.000083,0.5,PASS
rhi_slo,125,p13,5e9,z_driving_point,2.55939e+01 + j1.94337e+02,2.559388163e+01 + j1.943366450e+02,0.000181,0.5,PASS
rhi_slo,125,p13,1e10,z_driving_point,1.75811e+02 + j6.34509e+02,1.757985960e+02 + j6.344946713e+02,0.002878,0.5,PASS
rhi_slo,125,p13,2e10,z_driving_point,1.60553e+02 + j-6.69976e+02,1.605430615e+02 + j-6.699613417e+02,0.002571,0.5,PASS
rhi_slo,125,p11,1e9,z_driving_point,7.50441e+00 + j2.89395e+01,7.504415161e+00 + j2.893948667e+01,0.000048,0.5,PASS
rhi_slo,125,p11,5e9,z_driving_point,1.94467e+01 + j1.65000e+02,1.944667728e+01 + j1.649998043e+02,0.000119,0.5,PASS
rhi_slo,125,p11,1e10,z_driving_point,1.50567e+02 + j5.50905e+02,1.505546933e+02 + j5.508924840e+02,0.003074,0.5,PASS
rhi_slo,125,p11,2e10,z_driving_point,1.22080e+02 + j-5.39583e+02,1.220725603e+02 + j-5.395719580e+02,0.002407,0.5,PASS
rhi_shi,-40,p1,1e9,z_driving_point,2.49319e-01 + j6.51930e-01,2.493192077e-01 + j6.519298534e-01,0.000036,0.5,PASS
rhi_shi,-40,p1,5e9,z_driving_point,2.86780e-01 + j3.25150e+00,2.867924567e-01 + j3.251502897e+00,0.000392,0.5,PASS
rhi_shi,-40,p1,1e10,z_driving_point,3.79318e-01 + j6.46554e+00,3.793697762e-01 + j6.465535457e+00,0.000802,0.5,PASS
rhi_shi,-40,p1,2e10,z_driving_point,5.81626e-01 + j1.28169e+01,5.818357325e-01 + j1.281690796e+01,0.001636,0.5,PASS
rhi_shi,-40,p13,1e9,z_driving_point,6.09309e+00 + j3.42304e+01,6.093093681e+00 + j3.423038274e+01,0.000051,0.5,PASS
rhi_shi,-40,p13,5e9,z_driving_point,1.52923e+01 + j1.93700e+02,1.529246957e+01 + j1.936996788e+02,0.000187,0.5,PASS
rhi_shi,-40,p13,1e10,z_driving_point,1.09515e+02 + j6.47771e+02,1.095083065e+02 + j6.477536194e+02,0.002835,0.5,PASS
rhi_shi,-40,p13,2e10,z_driving_point,1.05748e+02 + j-7.03490e+02,1.057435055e+02 + j-7.034713370e+02,0.002699,0.5,PASS
rhi_shi,-40,p11,1e9,z_driving_point,4.12971e+00 + j2.89218e+01,4.129718582e+00 + j2.892180883e+01,0.000042,0.5,PASS
rhi_shi,-40,p11,5e9,z_driving_point,1.16761e+01 + j1.64314e+02,1.167626741e+01 + j1.643136606e+02,0.000230,0.5,PASS
rhi_shi,-40,p11,1e10,z_driving_point,9.35628e+01 + j5.62281e+02,9.355629654e+01 + j5.622642549e+02,0.003152,0.5,PASS
rhi_shi,-40,p11,2e10,z_driving_point,7.95599e+01 + j-5.63745e+02,7.955621602e+01 + j-5.637309077e+02,0.002558,0.5,PASS
rhi_shi,27,p1,1e9,z_driving_point,3.33494e-01 + j6.51965e-01,3.334945587e-01 + j6.519646196e-01,0.000092,0.5,PASS
rhi_shi,27,p1,5e9,z_driving_point,3.62500e-01 + j3.25576e+00,3.625082120e-01 + j3.255756949e+00,0.000267,0.5,PASS
rhi_shi,27,p1,1e10,z_driving_point,4.41544e-01 + j6.49080e+00,4.415753630e-01 + j6.490799425e+00,0.000482,0.5,PASS
rhi_shi,27,p1,2e10,z_driving_point,6.52927e-01 + j1.29028e+01,6.530547917e-01 + j1.290280689e+01,0.000991,0.5,PASS
rhi_shi,27,p13,1e9,z_driving_point,8.11292e+00 + j3.42104e+01,8.112925433e+00 + j3.421038888e+01,0.000035,0.5,PASS
rhi_shi,27,p13,5e9,z_driving_point,1.76850e+01 + j1.93608e+02,1.768515269e+01 + j1.936079508e+02,0.000083,0.5,PASS
rhi_shi,27,p13,1e10,z_driving_point,1.15695e+02 + j6.47766e+02,1.156880292e+02 + j6.477485316e+02,0.002858,0.5,PASS
rhi_shi,27,p13,2e10,z_driving_point,1.06972e+02 + j-7.01203e+02,1.069662904e+02 + j-7.011853971e+02,0.002609,0.5,PASS
rhi_shi,27,p11,1e9,z_driving_point,5.48992e+00 + j2.89088e+01,5.489918934e+00 + j2.890879301e+01,0.000024,0.5,PASS
rhi_shi,27,p11,5e9,z_driving_point,1.32913e+01 + j1.64258e+02,1.329137692e+01 + j1.642575433e+02,0.000281,0.5,PASS
rhi_shi,27,p11,1e10,z_driving_point,9.79075e+01 + j5.62355e+02,9.790025142e+01 + j5.623389850e+02,0.003080,0.5,PASS
rhi_shi,27,p11,2e10,z_driving_point,8.03032e+01 + j-5.62326e+02,8.029889513e+01 + j-5.623127107e+02,0.002459,0.5,PASS
rhi_shi,125,p1,1e9,z_driving_point,4.56894e-01 + j6.51981e-01,4.568946648e-01 + j6.519809983e-01,0.000084,0.5,PASS
rhi_shi,125,p1,5e9,z_driving_point,4.78696e-01 + j3.25836e+00,4.787021147e-01 + j3.258358915e+00,0.000189,0.5,PASS
rhi_shi,125,p1,1e10,z_driving_point,5.42018e-01 + j6.50846e+00,5.420414438e-01 + j6.508457203e+00,0.000362,0.5,PASS
rhi_shi,125,p1,2e10,z_driving_point,7.41740e-01 + j1.29836e+01,7.418344463e-01 + j1.298361386e+01,0.000734,0.5,PASS
rhi_shi,125,p13,1e9,z_driving_point,1.10710e+01 + j3.41771e+01,1.107101672e+01 + j3.417705668e+01,0.000129,0.5,PASS
rhi_shi,125,p13,5e9,z_driving_point,2.13053e+01 + j1.93362e+02,2.130535586e+01 + j1.933612103e+02,0.000407,0.5,PASS
rhi_shi,125,p13,1e10,z_driving_point,1.24958e+02 + j6.46171e+02,1.249491423e+02 + j6.461538681e+02,0.002930,0.5,PASS
rhi_shi,125,p13,2e10,z_driving_point,1.08725e+02 + j-6.98830e+02,1.087186117e+02 + j-6.988124185e+02,0.002645,0.5,PASS
rhi_shi,125,p11,1e9,z_driving_point,7.48236e+00 + j2.88874e+01,7.482359135e+00 + j2.888740028e+01,0.000003,0.5,PASS
rhi_shi,125,p11,5e9,z_driving_point,1.57413e+01 + j1.64097e+02,1.574132796e+01 + j1.640968234e+02,0.000108,0.5,PASS
rhi_shi,125,p11,1e10,z_driving_point,1.04432e+02 + j5.61286e+02,1.044235206e+02 + j5.612701376e+02,0.003151,0.5,PASS
rhi_shi,125,p11,2e10,z_driving_point,8.13585e+01 + j-5.60873e+02,8.135365786e+01 + j-5.608594459e+02,0.002540,0.5,PASS
