corner_label,mc_rsh,mc_rsub,temp_c,geometry,w_um,s_um,d_um,nr_r,status,srf_hz,l_1ghz_h,l_5ghz_h,l_10ghz_h,q_1ghz,q_5ghz,q_10ghz,qlow_1ghz,qlow_5ghz,qlow_10ghz
typ,1.0,1.0,-40,p1,8.22,3.29,47.65,1,PASS,2.40651e+11,1.03748e-10,1.03292e-10,1.02390e-10,3.42991e+00,1.36959e+01,1.90457e+01,2.018972e+00,5.983273e+00,8.775647e+00
typ,1.0,1.0,-40,p13,6.10,3.29,110.11,5,PASS,1.43230e+10,5.45374e-09,6.17666e-09,1.02416e-08,6.99266e+00,1.24525e+01,5.14611e+00,4.643863e+00,9.117713e+00,4.859130e+00
typ,1.0,1.0,-40,p11,8.22,3.74,141.975,4,PASS,1.41261e+10,4.60788e-09,5.24019e-09,8.88976e-09,8.83275e+00,1.35806e+01,5.16180e+00,5.735939e+00,1.016732e+01,4.921879e+00
typ,1.0,1.0,27,p1,8.22,3.29,47.65,1,PASS,2.40380e+11,1.03758e-10,1.03510e-10,1.02931e-10,2.56991e+00,1.11878e+01,1.68973e+01,1.609539e+00,5.009343e+00,7.500438e+00
typ,1.0,1.0,27,p13,6.10,3.29,110.11,5,PASS,1.43055e+10,5.45142e-09,6.17639e-09,1.02525e-08,5.26350e+00,1.11366e+01,4.94786e+00,3.670358e+00,8.046858e+00,4.629387e+00
typ,1.0,1.0,27,p11,8.22,3.74,141.975,4,PASS,1.41118e+10,4.60639e-09,5.24033e-09,8.89929e-09,6.66441e+00,1.23419e+01,5.00204e+00,4.550981e+00,9.087621e+00,4.731284e+00
typ,1.0,1.0,125,p1,8.22,3.29,47.65,1,PASS,2.40090e+11,1.03764e-10,1.03648e-10,1.03349e-10,1.87829e+00,8.67952e+00,1.43526e+01,1.250323e+00,4.093376e+00,6.275499e+00
typ,1.0,1.0,125,p13,6.10,3.29,110.11,5,PASS,1.42890e+10,5.44745e-09,6.17090e-09,1.02411e-08,3.86135e+00,9.57667e+00,4.68233e+00,2.824660e+00,6.902241e+00,4.338984e+00
typ,1.0,1.0,125,p11,8.22,3.74,141.975,4,PASS,1.40985e+10,4.60387e-09,5.23691e-09,8.89298e-09,4.89861e+00,1.08153e+01,4.78450e+00,3.515691e+00,7.904983e+00,4.486145e+00
rlo,0.6818,1.0,-40,p1,8.22,3.29,47.65,1,PASS,2.40902e+11,1.03722e-10,1.02819e-10,1.01528e-10,4.96485e+00,1.68332e+01,2.19420e+01,2.679946e+00,7.439956e+00,1.066660e+01
rlo,0.6818,1.0,-40,p13,6.10,3.29,110.11,5,PASS,1.43455e+10,5.45497e-09,6.16870e-09,1.02037e-08,9.24668e+00,1.35053e+01,5.32331e+00,5.914358e+00,1.026964e+01,5.081026e+00
rlo,0.6818,1.0,-40,p11,8.22,3.74,141.975,4,PASS,1.41448e+10,4.60875e-09,5.23447e-09,8.86161e-09,1.19432e+01,1.46382e+01,5.31680e+00,7.395138e+00,1.137079e+01,5.116396e+00
rlo,0.6818,1.0,27,p1,8.22,3.29,47.65,1,PASS,2.40719e+11,1.03744e-10,1.03203e-10,1.02200e-10,3.74141e+00,1.44540e+01,1.96851e+01,2.159342e+00,6.303194e+00,9.191183e+00
rlo,0.6818,1.0,27,p13,6.10,3.29,110.11,5,PASS,1.43282e+10,5.45366e-09,6.17427e-09,1.02276e-08,6.99961e+00,1.23953e+01,5.13953e+00,4.708528e+00,9.209662e+00,4.868590e+00
rlo,0.6818,1.0,27,p11,8.22,3.74,141.975,4,PASS,1.41305e+10,4.60795e-09,5.23880e-09,8.88099e-09,9.07432e+00,1.36457e+01,5.17194e+00,5.919082e+00,1.033419e+01,4.944193e+00
rlo,0.6818,1.0,125,p1,8.22,3.29,47.65,1,PASS,2.40444e+11,1.03757e-10,1.03469e-10,1.02822e-10,2.74397e+00,1.17484e+01,1.73977e+01,1.695345e+00,5.219009e+00,7.776799e+00
rlo,0.6818,1.0,125,p13,6.10,3.29,110.11,5,PASS,1.43090e+10,5.45116e-09,6.17470e-09,1.02407e-08,5.15541e+00,1.09922e+01,4.91874e+00,3.649131e+00,8.046789e+00,4.615967e+00
rlo,0.6818,1.0,125,p11,8.22,3.74,141.975,4,PASS,1.41147e+10,4.60640e-09,5.23960e-09,8.89302e-09,6.70310e+00,1.23375e+01,4.99774e+00,4.611779e+00,9.168181e+00,4.738027e+00
rhi,1.3182,1.0,-40,p1,8.22,3.29,47.65,1,PASS,2.40396e+11,1.03758e-10,1.03499e-10,1.02903e-10,2.61485e+00,1.13353e+01,1.70312e+01,1.631851e+00,5.064201e+00,7.572928e+00
rhi,1.3182,1.0,-40,p13,6.10,3.29,110.11,5,PASS,1.43067e+10,5.45206e-09,6.17771e-09,1.02582e-08,5.61322e+00,1.14733e+01,5.00313e+00,3.846675e+00,8.243100e+00,4.681311e+00
rhi,1.3182,1.0,-40,p11,8.22,3.74,141.975,4,PASS,1.41127e+10,4.60671e-09,5.24094e-09,8.90193e-09,6.99613e+00,1.25860e+01,5.03602e+00,4.715407e+00,9.242204e+00,4.764692e+00
rhi,1.3182,1.0,27,p1,8.22,3.29,47.65,1,PASS,2.40127e+11,1.03764e-10,1.03635e-10,1.03305e-10,1.95495e+00,8.97968e+00,1.46898e+01,1.291759e+00,4.202506e+00,6.423223e+00
rhi,1.3182,1.0,27,p13,6.10,3.29,110.11,5,PASS,1.42912e+10,5.44877e-09,6.17353e-09,1.02523e-08,4.21321e+00,1.00392e+01,4.77155e+00,3.024105e+00,7.180492e+00,4.423565e+00
rhi,1.3182,1.0,27,p11,8.22,3.74,141.975,4,PASS,1.41001e+10,4.60456e-09,5.23828e-09,8.89881e-09,5.26055e+00,1.11916e+01,4.84478e+00,3.718204e+00,8.148419e+00,4.546018e+00
rhi,1.3182,1.0,125,p1,8.22,3.29,47.65,1,PASS,2.39816e+11,1.03766e-10,1.03717e-10,1.03586e-10,1.42698e+00,6.80572e+00,1.20008e+01,9.964973e-01,3.401525e+00,5.325166e+00
rhi,1.3182,1.0,125,p13,6.10,3.29,110.11,5,PASS,1.42779e+10,5.44324e-09,6.16373e-09,1.02181e-08,3.08436e+00,8.43653e+00,4.45378e+00,2.315280e+00,6.071366e+00,4.093278e+00
rhi,1.3182,1.0,125,p11,8.22,3.74,141.975,4,PASS,1.40895e+10,4.60102e-09,5.23182e-09,8.87535e-09,3.85693e+00,9.57614e+00,4.57645e+00,2.855145e+00,6.979908e+00,4.259515e+00
slo,1.0,0.75,-40,p1,8.22,3.29,47.65,1,PASS,2.40642e+11,1.03749e-10,1.03294e-10,1.02392e-10,3.42992e+00,1.36904e+01,1.90181e+01,2.018976e+00,5.982310e+00,8.769880e+00
slo,1.0,0.75,-40,p13,6.10,3.29,110.11,5,PASS,1.42752e+10,5.45919e-09,6.20509e-09,1.01519e-08,6.99773e+00,1.07367e+01,4.06592e+00,4.647660e+00,8.171552e+00,3.883071e+00
slo,1.0,0.75,-40,p11,8.22,3.74,141.975,4,PASS,1.40795e+10,4.61270e-09,5.26484e-09,8.80463e-09,8.84136e+00,1.15201e+01,4.03663e+00,5.741660e+00,8.975920e+00,3.886960e+00
slo,1.0,0.75,27,p1,8.22,3.29,47.65,1,PASS,2.40379e+11,1.03759e-10,1.03512e-10,1.02933e-10,2.56991e+00,1.11841e+01,1.68754e+01,1.609542e+00,5.008664e+00,7.496190e+00
slo,1.0,0.75,27,p13,6.10,3.29,110.11,5,PASS,1.42576e+10,5.45690e-09,6.20331e-09,1.01547e-08,5.26514e+00,9.73594e+00,3.93630e+00,3.672266e+00,7.297106e+00,3.730127e+00
slo,1.0,0.75,27,p11,8.22,3.74,141.975,4,PASS,1.40651e+10,4.61123e-09,5.26396e-09,8.80826e-09,6.66767e+00,1.06088e+01,3.93409e+00,4.554021e+00,8.120421e+00,3.762923e+00
slo,1.0,0.75,125,p1,8.22,3.29,47.65,1,PASS,2.40088e+11,1.03764e-10,1.03650e-10,1.03351e-10,1.87829e+00,8.67722e+00,1.43366e+01,1.250323e+00,4.092906e+00,6.272515e+00
slo,1.0,0.75,125,p13,6.10,3.29,110.11,5,PASS,1.42412e+10,5.45295e-09,6.19543e-09,1.01320e-08,3.86122e+00,8.51324e+00,3.76168e+00,2.825351e+00,6.338570e+00,3.534501e+00
slo,1.0,0.75,125,p11,8.22,3.74,141.975,4,PASS,1.40518e+10,4.60873e-09,5.25891e-09,8.79376e-09,4.89905e+00,9.45239e+00,3.79426e+00,3.516962e+00,7.158616e+00,3.602093e+00
shi,1.0,1.25,-40,p1,8.22,3.29,47.65,1,PASS,2.40656e+11,1.03748e-10,1.03291e-10,1.02389e-10,3.42991e+00,1.36997e+01,1.90630e+01,2.018969e+00,5.983979e+00,8.779265e+00
shi,1.0,1.25,-40,p13,6.10,3.29,110.11,5,PASS,1.43452e+10,5.44956e-09,6.16393e-09,1.02894e-08,6.99847e+00,1.38643e+01,6.11070e+00,4.645228e+00,9.846385e+00,5.712045e+00
shi,1.0,1.25,-40,p11,8.22,3.74,141.975,4,PASS,1.41478e+10,4.60419e-09,5.22902e-09,8.93394e-09,8.84224e+00,1.53212e+01,6.18504e+00,5.738323e+00,1.110606e+01,5.845400e+00
shi,1.0,1.25,27,p1,8.22,3.29,47.65,1,PASS,2.40380e+11,1.03758e-10,1.03509e-10,1.02930e-10,2.56991e+00,1.11904e+01,1.69110e+01,1.609537e+00,5.009837e+00,7.503092e+00
shi,1.0,1.25,27,p13,6.10,3.29,110.11,5,PASS,1.43277e+10,5.44731e-09,6.16461e-09,1.03051e-08,5.26790e+00,1.22590e+01,5.83894e+00,3.671647e+00,8.612058e+00,5.402634e+00
shi,1.0,1.25,27,p11,8.22,3.74,141.975,4,PASS,1.41334e+10,4.60274e-09,5.22980e-09,8.94697e-09,6.67123e+00,1.37693e+01,5.96227e+00,4.553021e+00,9.832992e+00,5.583537e+00
shi,1.0,1.25,125,p1,8.22,3.29,47.65,1,PASS,2.40090e+11,1.03764e-10,1.03647e-10,1.03348e-10,1.87829e+00,8.68112e+00,1.43626e+01,1.250324e+00,4.093709e+00,6.277380e+00
shi,1.0,1.25,125,p13,6.10,3.29,110.11,5,PASS,1.43112e+10,5.44349e-09,6.16060e-09,1.03006e-08,3.86465e+00,1.04020e+01,5.47796e+00,2.825864e+00,7.317281e+00,5.016306e+00
shi,1.0,1.25,125,p11,8.22,3.74,141.975,4,PASS,1.41201e+10,4.60031e-09,5.22739e-09,8.94564e-09,4.90347e+00,1.19029e+01,5.66047e+00,3.517423e+00,8.466263e+00,5.249915e+00
rlo_slo,0.6818,0.75,-40,p1,8.22,3.29,47.65,1,PASS,2.40894e+11,1.03722e-10,1.02821e-10,1.01531e-10,4.96487e+00,1.68251e+01,2.19058e+01,2.679950e+00,7.438455e+00,1.065817e+01
rlo_slo,0.6818,0.75,-40,p13,6.10,3.29,110.11,5,PASS,1.42978e+10,5.46037e-09,6.19806e-09,1.01212e-08,9.25835e+00,1.15198e+01,4.18274e+00,5.921239e+00,9.088751e+00,4.030439e+00
rlo_slo,0.6818,0.75,-40,p11,8.22,3.74,141.975,4,PASS,1.40983e+10,4.61353e-09,5.25981e-09,8.78224e-09,1.19632e+01,1.22814e+01,4.13697e+00,7.405718e+00,9.904907e+00,4.013453e+00
rlo_slo,0.6818,0.75,27,p1,8.22,3.29,47.65,1,PASS,2.40710e+11,1.03744e-10,1.03205e-10,1.02203e-10,3.74142e+00,1.44480e+01,1.96557e+01,2.159348e+00,6.302098e+00,9.184876e+00
rlo_slo,0.6818,0.75,27,p13,6.10,3.29,110.11,5,PASS,1.42805e+10,5.45911e-09,6.20263e-09,1.01380e-08,7.00471e+00,1.06944e+01,4.06285e+00,4.712366e+00,8.244949e+00,3.890140e+00
rlo_slo,0.6818,0.75,27,p11,8.22,3.74,141.975,4,PASS,1.40839e+10,4.61276e-09,5.26349e-09,8.79641e-09,9.08365e+00,1.15678e+01,4.04392e+00,5.925196e+00,9.105831e+00,3.901960e+00
rlo_slo,0.6818,0.75,125,p1,8.22,3.29,47.65,1,PASS,2.40441e+11,1.03757e-10,1.03471e-10,1.02824e-10,2.74397e+00,1.17443e+01,1.73745e+01,1.695348e+00,5.218276e+00,7.772240e+00
rlo_slo,0.6818,0.75,125,p13,6.10,3.29,110.11,5,PASS,1.42611e+10,5.45664e-09,6.20141e-09,1.01419e-08,5.15687e+00,9.62473e+00,3.91816e+00,3.650944e+00,7.296302e+00,3.721747e+00
rlo_slo,0.6818,0.75,125,p11,8.22,3.74,141.975,4,PASS,1.40681e+10,4.61124e-09,5.26322e-09,8.80198e-09,6.70644e+00,1.06058e+01,3.93194e+00,4.614873e+00,8.184516e+00,3.767696e+00
rlo_shi,0.6818,1.25,-40,p1,8.22,3.29,47.65,1,PASS,2.40908e+11,1.03721e-10,1.02818e-10,1.01527e-10,4.96485e+00,1.68389e+01,2.19647e+01,2.679942e+00,7.441035e+00,1.067190e+01
rlo_shi,0.6818,1.25,-40,p13,6.10,3.29,110.11,5,PASS,1.43677e+10,5.45075e-09,6.15538e-09,1.02472e-08,9.25439e+00,1.51729e+01,6.35313e+00,5.915859e+00,1.119989e+01,6.012510e+00
rlo_shi,0.6818,1.25,-40,p11,8.22,3.74,141.975,4,PASS,1.41665e+10,4.60502e-09,5.22286e-09,8.90245e-09,1.19570e+01,1.66719e+01,6.40068e+00,7.398136e+00,1.255412e+01,6.113785e+00
rlo_shi,0.6818,1.25,27,p1,8.22,3.29,47.65,1,PASS,2.40725e+11,1.03744e-10,1.03202e-10,1.02199e-10,3.74141e+00,1.44583e+01,1.97035e+01,2.159338e+00,6.303969e+00,9.195151e+00
rlo_shi,0.6818,1.25,27,p13,6.10,3.29,110.11,5,PASS,1.43505e+10,5.44948e-09,6.16158e-09,1.02754e-08,7.00543e+00,1.37932e+01,6.10003e+00,4.709969e+00,9.953882e+00,5.723808e+00
rlo_shi,0.6818,1.25,27,p11,8.22,3.74,141.975,4,PASS,1.41522e+10,4.60425e-09,5.22760e-09,8.92489e-09,9.08412e+00,1.54033e+01,6.19814e+00,5.921603e+00,1.130526e+01,5.875471e+00
rlo_shi,0.6818,1.25,125,p1,8.22,3.29,47.65,1,PASS,2.40445e+11,1.03757e-10,1.03468e-10,1.02821e-10,2.74397e+00,1.17512e+01,1.74122e+01,1.695344e+00,5.219548e+00,7.779648e+00
rlo_shi,0.6818,1.25,125,p13,6.10,3.29,110.11,5,PASS,1.43311e+10,5.44706e-09,6.16304e-09,1.02939e-08,5.15972e+00,1.20848e+01,5.79798e+00,3.650493e+00,8.612437e+00,5.383925e+00
rlo_shi,0.6818,1.25,125,p11,8.22,3.74,141.975,4,PASS,1.41364e+10,4.60275e-09,5.22908e-09,8.94074e-09,6.70997e+00,1.37638e+01,5.95548e+00,4.613894e+00,9.927445e+00,5.592221e+00
rhi_slo,1.3182,0.75,-40,p1,8.22,3.29,47.65,1,PASS,2.40395e+11,1.03758e-10,1.03501e-10,1.02905e-10,2.61485e+00,1.13315e+01,1.70090e+01,1.631854e+00,5.063505e+00,7.568615e+00
rhi_slo,1.3182,0.75,-40,p13,6.10,3.29,110.11,5,PASS,1.42588e+10,5.45754e-09,6.20506e-09,1.01625e-08,5.61544e+00,9.99442e+00,3.97191e+00,3.848935e+00,7.459309e+00,3.764489e+00
rhi_slo,1.3182,0.75,-40,p11,8.22,3.74,141.975,4,PASS,1.40660e+10,4.61154e-09,5.26479e-09,8.81209e-09,7.00007e+00,1.07901e+01,3.95555e+00,4.718814e+00,8.244554e+00,3.784461e+00
rhi_slo,1.3182,0.75,27,p1,8.22,3.29,47.65,1,PASS,2.40126e+11,1.03764e-10,1.03637e-10,1.03307e-10,1.95495e+00,8.97723e+00,1.46731e+01,1.291761e+00,4.202009e+00,6.420098e+00
rhi_slo,1.3182,0.75,27,p13,6.10,3.29,110.11,5,PASS,1.42434e+10,5.45426e-09,6.19885e-09,1.01469e-08,4.21343e+00,8.87997e+00,3.82022e+00,3.025088e+00,6.574299e+00,3.591619e+00
rhi_slo,1.3182,0.75,27,p11,8.22,3.74,141.975,4,PASS,1.40534e+10,4.60942e-09,5.26073e-09,8.80183e-09,5.26145e+00,9.74091e+00,3.83289e+00,3.719801e+00,7.359028e+00,3.641409e+00
rhi_slo,1.3182,0.75,125,p1,8.22,3.29,47.65,1,PASS,2.39811e+11,1.03766e-10,1.03719e-10,1.03588e-10,1.42698e+00,6.80426e+00,1.19895e+01,9.964973e-01,3.401187e+00,5.322991e+00
rhi_slo,1.3182,0.75,125,p13,6.10,3.29,110.11,5,PASS,1.42301e+10,5.44870e-09,6.18593e-09,1.00984e-08,3.08362e+00,7.59312e+00,3.60925e+00,2.315439e+00,5.627186e+00,3.366125e+00
rhi_slo,1.3182,0.75,125,p11,8.22,3.74,141.975,4,PASS,1.40429e+10,4.60586e-09,5.25211e-09,8.76786e-09,3.85633e+00,8.48476e+00,3.65913e+00,2.855599e+00,6.387694e+00,3.451228e+00
rhi_shi,1.3182,1.25,-40,p1,8.22,3.29,47.65,1,PASS,2.40397e+11,1.03758e-10,1.03499e-10,1.02902e-10,2.61485e+00,1.13380e+01,1.70451e+01,1.631849e+00,5.064698e+00,7.575646e+00
rhi_shi,1.3182,1.25,-40,p13,6.10,3.29,110.11,5,PASS,1.43288e+10,5.44793e-09,6.16566e-09,1.03095e-08,5.61790e+00,1.26665e+01,5.91528e+00,3.847958e+00,8.836268e+00,5.472742e+00
rhi_shi,1.3182,1.25,-40,p11,8.22,3.74,141.975,4,PASS,1.41343e+10,4.60305e-09,5.23027e-09,8.94890e-09,7.00334e+00,1.40727e+01,6.01007e+00,4.717462e+00,1.001365e+01,5.629544e+00
rhi_shi,1.3182,1.25,27,p1,8.22,3.29,47.65,1,PASS,2.40127e+11,1.03763e-10,1.03634e-10,1.03304e-10,1.95495e+00,8.98138e+00,1.47002e+01,1.291760e+00,4.202871e+00,6.425189e+00
rhi_shi,1.3182,1.25,27,p13,6.10,3.29,110.11,5,PASS,1.43134e+10,5.44475e-09,6.16274e-09,1.03094e-08,4.21678e+00,1.09476e+01,5.59921e+00,3.025316e+00,7.629491e+00,5.128502e+00
rhi_shi,1.3182,1.25,27,p11,8.22,3.74,141.975,4,PASS,1.41217e+10,4.60098e-09,5.22848e-09,8.95008e-09,5.26580e+00,1.23583e+01,5.74411e+00,3.719974e+00,8.745098e+00,5.331162e+00
rhi_shi,1.3182,1.25,125,p1,8.22,3.29,47.65,1,PASS,2.39818e+11,1.03766e-10,1.03717e-10,1.03585e-10,1.42698e+00,6.80673e+00,1.20078e+01,9.964988e-01,3.401770e+00,5.326532e+00
rhi_shi,1.3182,1.25,125,p13,6.10,3.29,110.11,5,PASS,1.43002e+10,5.43945e-09,6.15488e-09,1.02840e-08,3.08708e+00,9.07575e+00,5.17139e+00,2.316413e+00,6.392813e+00,4.694463e+00
rhi_shi,1.3182,1.25,125,p11,8.22,3.74,141.975,4,PASS,1.41112e+10,4.59757e-09,5.22337e-09,8.93307e-09,3.86073e+00,1.04246e+01,5.37500e+00,2.856674e+00,7.416640e+00,4.945653e+00
