f_hz,l_em_h,l_fit_h,q_em,q_fit,re_zse_em,re_zse_fit,im_zse_em,im_zse_fit
0,nan,nan,0,nan,4.3829,nan,0,nan
50000000,4.23041e-09,4.22859e-09,0.303175,0.309438,4.38368,4.29311,1.32902,1.32845
100000000,4.23076e-09,4.22896e-09,0.606076,0.61849,4.38602,4.29616,2.65826,2.65713
150000000,4.23134e-09,4.22956e-09,0.908428,0.926758,4.38993,4.3013,3.98794,3.98626
200000000,4.23214e-09,4.23036e-09,1.20996,1.23383,4.39541,4.30856,5.31827,5.31603
250000000,4.23318e-09,4.23135e-09,1.51039,1.53928,4.40248,4.31798,6.64947,6.64659
300000000,4.23445e-09,4.23252e-09,1.80946,1.8427,4.41114,4.32958,7.98176,7.97811
350000000,4.23595e-09,4.23386e-09,2.10688,2.14367,4.4214,4.34337,9.31535,9.31074
400000000,4.23769e-09,4.23537e-09,2.40238,2.4418,4.43329,4.35935,10.6505,10.6446
450000000,4.23965e-09,4.23705e-09,2.6957,2.73672,4.44682,4.37749,11.9873,11.98
500000000,4.24184e-09,4.2389e-09,2.98657,3.02809,4.46202,4.39778,13.3261,13.3169
550000000,4.24426e-09,4.24093e-09,3.27471,3.31559,4.4789,4.42021,14.6671,14.6556
600000000,4.24691e-09,4.24315e-09,3.55986,3.59892,4.49749,4.44474,16.0105,15.9963
650000000,4.24979e-09,4.24555e-09,3.84177,3.87781,4.51782,4.47137,17.3564,17.3391
700000000,4.25289e-09,4.24814e-09,4.12016,4.152,4.53992,4.50007,18.7052,18.6843
750000000,4.25623e-09,4.25092e-09,4.39479,4.42128,4.56381,4.53081,20.057,20.032
800000000,4.25979e-09,4.2539e-09,4.66542,4.68545,4.58952,4.56358,21.412,21.3825
850000000,4.26358e-09,4.25709e-09,4.93179,4.94434,4.61709,4.59836,22.7705,22.7359
900000000,4.26759e-09,4.26047e-09,5.19368,5.19779,4.64655,4.63513,24.1327,24.0924
950000000,4.27184e-09,4.26407e-09,5.45085,5.44568,4.67793,4.67386,25.4987,25.4523
1000000000,4.27631e-09,4.26788e-09,5.70309,5.68791,4.71128,4.71454,26.8689,26.8159
1050000000,4.28101e-09,4.2719e-09,5.95019,5.9244,4.74662,4.75714,28.2433,28.1832
1100000000,4.28594e-09,4.27614e-09,6.19196,6.15507,4.78399,4.80166,29.6223,29.5546
1150000000,4.29109e-09,4.2806e-09,6.42822,6.3799,4.82342,4.84807,31.006,30.9302
1200000000,4.29647e-09,4.28529e-09,6.65878,6.59885,4.86495,4.89636,32.3946,32.3104
1250000000,4.30208e-09,4.29021e-09,6.88349,6.81191,4.90862,4.94652,33.7884,33.6953
1300000000,4.30791e-09,4.29537e-09,7.10222,7.01909,4.95446,4.99853,35.1876,35.0852
1350000000,4.31398e-09,4.30076e-09,7.31483,7.22042,5.0025,5.05238,36.5925,36.4803
1400000000,4.32027e-09,4.30639e-09,7.52122,7.41591,5.05278,5.10807,38.0031,37.881
1450000000,4.3268e-09,4.31227e-09,7.72128,7.60561,5.10534,5.16558,39.4198,39.2874
1500000000,4.33355e-09,4.31839e-09,7.91494,7.78958,5.16021,5.22491,40.8428,40.6999
1550000000,4.34054e-09,4.32477e-09,8.10215,7.96787,5.21741,5.28606,42.2722,42.1187
1600000000,4.34776e-09,4.3314e-09,8.28286,8.14056,5.27698,5.34902,43.7085,43.544
1650000000,4.35522e-09,4.3383e-09,8.45703,8.30771,5.33895,5.4138,45.1516,44.9763
1700000000,4.36291e-09,4.34546e-09,8.62466,8.4694,5.40335,5.48039,46.602,46.4157
1750000000,4.37084e-09,4.35289e-09,8.78576,8.62572,5.4702,5.54881,48.0599,47.8625
1800000000,4.37901e-09,4.36059e-09,8.94035,8.77676,5.53955,5.61906,49.5255,49.3171
1850000000,4.38743e-09,4.36857e-09,9.08846,8.9226,5.6114,5.69115,50.999,50.7798
1900000000,4.39609e-09,4.37684e-09,9.23016,9.06333,5.68578,5.76509,52.4807,52.2509
1950000000,4.40499e-09,4.38539e-09,9.36551,9.19904,5.76273,5.8409,53.9709,53.7307
2000000000,4.41415e-09,4.39422e-09,9.49459,9.32983,5.84226,5.91859,55.4699,55.2195
2050000000,4.42356e-09,4.40336e-09,9.61749,9.45578,5.9244,5.99819,56.9778,56.7176
2100000000,4.43323e-09,4.4128e-09,9.73432,9.577,6.00917,6.07972,58.4951,58.2255
2150000000,4.44316e-09,4.42254e-09,9.8452,9.69356,6.09658,6.1632,60.022,59.7434
2200000000,4.45336e-09,4.43259e-09,9.95024,9.80556,6.18667,6.24866,61.5588,61.2717
2250000000,4.46382e-09,4.44295e-09,10.0496,9.91309,6.27945,6.33614,63.1058,62.8107
2300000000,4.47456e-09,4.45363e-09,10.1434,10.0162,6.37494,6.42566,64.6633,64.3609
2350000000,4.48558e-09,4.46464e-09,10.2317,10.1151,6.47317,6.51727,66.2317,65.9226
2400000000,4.49688e-09,4.47598e-09,10.3148,10.2097,6.57416,6.611,67.8113,67.4962
2450000000,4.50846e-09,4.48766e-09,10.3928,10.3002,6.67792,6.7069,69.4024,69.0821
2500000000,4.52034e-09,4.49967e-09,10.4658,10.3866,6.78449,6.805,71.0054,70.6806
2550000000,4.53252e-09,4.51203e-09,10.5341,10.469,6.89388,6.90537,72.6206,72.2923
2600000000,4.54501e-09,4.52474e-09,10.5977,10.5475,7.00612,7.00806,74.2485,73.9175
2650000000,4.5578e-09,4.53781e-09,10.6568,10.6222,7.12123,7.11311,75.8894,75.5566
2700000000,4.57091e-09,4.55125e-09,10.7116,10.6931,7.23925,7.22058,77.5437,77.2101
2750000000,4.58435e-09,4.56505e-09,10.7622,10.7602,7.36021,7.33055,79.2119,78.8785
2800000000,4.59812e-09,4.57924e-09,10.8088,10.8238,7.48414,7.44307,80.8944,80.5621
2850000000,4.61223e-09,4.5938e-09,10.8515,10.8837,7.61106,7.55821,82.5916,82.2616
2900000000,4.62668e-09,4.60876e-09,10.8905,10.9402,7.74104,7.67605,84.3039,83.9772
2950000000,4.64149e-09,4.62411e-09,10.926,10.9931,7.87409,7.79665,86.0319,85.7097
3000000000,4.65667e-09,4.63986e-09,10.9579,11.0427,8.01027,7.92011,87.7761,87.4594
3050000000,4.67221e-09,4.65603e-09,10.9866,11.0889,8.14964,8.04651,89.5369,89.2269
3100000000,4.68813e-09,4.67262e-09,11.0121,11.1318,8.29223,8.17592,91.3148,91.0127
3150000000,4.70444e-09,4.68963e-09,11.0345,11.1714,8.43812,8.30845,93.1105,92.8173
3200000000,4.72115e-09,4.70708e-09,11.054,11.2079,8.58737,8.44419,94.9244,94.6415
3250000000,4.73827e-09,4.72497e-09,11.0706,11.2412,8.74003,8.58324,96.7572,96.4856
3300000000,4.75581e-09,4.74332e-09,11.0844,11.2713,8.89619,8.72571,98.6094,98.3503
3350000000,4.77377e-09,4.76212e-09,11.0957,11.2984,9.05594,8.87171,100.482,100.236
3400000000,4.79218e-09,4.7814e-09,11.1043,11.3225,9.21934,9.02135,102.374,102.144
3450000000,4.81103e-09,4.80115e-09,11.1105,11.3436,9.38651,9.17475,104.289,104.074
3500000000,4.83035e-09,4.8214e-09,11.1142,11.3617,9.55755,9.33204,106.225,106.028
3550000000,4.85014e-09,4.84214e-09,11.1157,11.377,9.73254,9.49335,108.184,108.005
3600000000,4.87041e-09,4.86339e-09,11.1148,11.3893,9.91163,9.65882,110.166,110.007
3650000000,4.89118e-09,4.88517e-09,11.1118,11.3989,10.0949,9.82859,112.172,112.035
3700000000,4.91246e-09,4.90748e-09,11.1065,11.4056,10.2826,10.0028,114.204,114.088
3750000000,4.93427e-09,4.93033e-09,11.0992,11.4096,10.4747,10.1817,116.261,116.168
3800000000,4.95661e-09,4.95374e-09,11.0898,11.4108,10.6715,10.3653,118.344,118.276
3850000000,4.9795e-09,4.97772e-09,11.0783,11.4094,10.8731,10.5538,120.455,120.412
3900000000,5.00296e-09,5.00228e-09,11.0649,11.4053,11.0796,10.7475,122.595,122.578
3950000000,5.027e-09,5.02744e-09,11.0494,11.3985,11.2914,10.9465,124.763,124.774
4000000000,5.05163e-09,5.05321e-09,11.032,11.3892,11.5085,11.151,126.961,127.001
4050000000,5.07688e-09,5.0796e-09,11.0127,11.3773,11.7311,11.3612,129.191,129.26
4100000000,5.10275e-09,5.10663e-09,10.9914,11.3629,11.9596,11.5774,131.452,131.552
4150000000,5.12927e-09,5.13431e-09,10.9682,11.3459,12.1941,11.7997,133.747,133.878
4200000000,5.15645e-09,5.16267e-09,10.9431,11.3265,12.4348,12.0284,136.076,136.24
4250000000,5.18431e-09,5.19172e-09,10.9161,11.3047,12.6822,12.2637,138.44,138.637
4300000000,5.21288e-09,5.22147e-09,10.8872,11.2804,12.9363,12.506,140.84,141.072
4350000000,5.24216e-09,5.25195e-09,10.8564,11.2537,13.1976,12.7554,143.278,143.545
4400000000,5.27217e-09,5.28317e-09,10.8236,11.2247,13.4663,13.0122,145.755,146.059
4450000000,5.30295e-09,5.31515e-09,10.789,11.1933,13.7428,13.2769,148.271,148.613
4500000000,5.33451e-09,5.34792e-09,10.7524,11.1597,14.0275,13.5496,150.83,151.209
4550000000,5.36687e-09,5.38149e-09,10.714,11.1237,14.3206,13.8307,153.431,153.849
4600000000,5.40005e-09,5.41589e-09,10.6736,11.0855,14.6226,14.1206,156.076,156.534
4650000000,5.43409e-09,5.45115e-09,10.6313,11.0451,14.9339,14.4195,158.767,159.265
4700000000,5.469e-09,5.48727e-09,10.587,11.0025,15.255,14.728,161.505,162.044
4750000000,5.50482e-09,5.5243e-09,10.5409,10.9576,15.5862,15.0464,164.292,164.873
4800000000,5.54155e-09,5.56225e-09,10.4927,10.9107,15.9282,15.3752,167.129,167.754
4850000000,5.57925e-09,5.60116e-09,10.4426,10.8616,16.2813,15.7147,170.019,170.687
4900000000,5.61793e-09,5.64105e-09,10.3905,10.8104,16.6462,16.0654,172.963,173.675
4950000000,5.65762e-09,5.68196e-09,10.3364,10.7572,17.0235,16.428,175.962,176.719
5000000000,5.69836e-09,5.7239e-09,10.2804,10.7019,17.4137,16.8028,179.019,179.822
5050000000,5.74019e-09,5.76693e-09,10.2223,10.6446,17.8175,17.1904,182.137,182.985
5100000000,5.78312e-09,5.81106e-09,10.1623,10.5853,18.2355,17.5915,185.316,186.211
5150000000,5.8272e-09,5.85634e-09,10.1003,10.524,18.6686,18.0066,188.559,189.502
5200000000,5.87247e-09,5.90281e-09,10.0363,10.4608,19.1174,18.4365,191.869,192.86
5250000000,5.91897e-09,5.95049e-09,9.97036,10.3956,19.5828,18.8817,195.248,196.287
5300000000,5.96674e-09,5.99944e-09,9.90241,10.3286,20.0656,19.3431,198.698,199.787
5350000000,6.01581e-09,6.0497e-09,9.83246,10.2596,20.5668,19.8215,202.222,203.361
5400000000,6.06624e-09,6.1013e-09,9.76056,10.1888,21.0872,20.3175,205.823,207.012
5450000000,6.11808e-09,6.1543e-09,9.68669,10.1162,21.628,20.8323,209.503,210.744
5500000000,6.17136e-09,6.20875e-09,9.61089,10.0418,22.1901,21.3666,213.267,214.559
5550000000,6.22615e-09,6.2647e-09,9.53313,9.96562,22.7749,21.9214,217.116,218.461
5600000000,6.28249e-09,6.3222e-09,9.45347,9.88767,23.3834,22.4979,221.055,222.452
5650000000,6.34045e-09,6.38131e-09,9.37188,9.80798,24.0172,23.0972,225.086,226.536
5700000000,6.40009e-09,6.44209e-09,9.28842,9.72658,24.6774,23.7203,229.214,230.718
5750000000,6.46146e-09,6.5046e-09,9.20309,9.6435,25.3656,24.3688,233.442,235
5800000000,6.52464e-09,6.56891e-09,9.11591,9.55874,26.0834,25.0438,237.774,239.387
5850000000,6.58969e-09,6.63508e-09,9.02692,9.47234,26.8325,25.7469,242.215,243.883
5900000000,6.65669e-09,6.7032e-09,8.93611,9.38432,27.6148,26.4796,246.769,248.493
5950000000,6.72572e-09,6.77334e-09,8.84357,9.2947,28.432,27.2436,251.441,253.221
6000000000,6.79685e-09,6.84557e-09,8.74926,9.20351,29.2865,28.0406,256.235,258.072
6050000000,6.87018e-09,6.92e-09,8.65323,9.11075,30.1804,28.8727,261.158,263.052
6100000000,6.9458e-09,6.9967e-09,8.55554,9.01647,31.116,29.7417,266.215,268.166
6150000000,7.0238e-09,7.07577e-09,8.45621,8.92067,32.096,30.6501,271.411,273.419
6200000000,7.10429e-09,7.15733e-09,8.35526,8.82338,33.1232,31.6,276.753,278.819
6250000000,7.18737e-09,7.24146e-09,8.25271,8.72462,34.2006,32.5941,282.247,284.371
6300000000,7.27316e-09,7.32829e-09,8.14863,8.62442,35.3313,33.6352,287.901,290.084
6350000000,7.36179e-09,7.41794e-09,8.04304,8.52278,36.5188,34.7261,293.722,295.963
6400000000,7.45338e-09,7.51054e-09,7.93597,8.41974,37.7671,35.8701,299.718,302.017
6450000000,7.54807e-09,7.60623e-09,7.82749,8.31531,39.0799,37.0707,305.897,308.254
6500000000,7.646e-09,7.70514e-09,7.71757,8.20951,40.462,38.3315,312.268,314.683
6550000000,7.74735e-09,7.80743e-09,7.60633,8.10237,41.9178,39.6567,318.841,321.314
6600000000,7.85226e-09,7.91327e-09,7.49373,7.9939,43.453,41.0507,325.625,328.156
6650000000,7.96091e-09,8.02283e-09,7.37988,7.88413,45.0729,42.5183,332.632,335.219
6700000000,8.07351e-09,8.1363e-09,7.26476,7.77307,46.7838,44.0645,339.873,342.517
6750000000,8.19025e-09,8.25388e-09,7.14845,7.66074,48.5925,45.6953,347.361,350.059
6800000000,8.31134e-09,8.37578e-09,7.03095,7.54716,50.5064,47.4166,355.107,357.861
6850000000,8.43701e-09,8.50223e-09,6.91232,7.43235,52.5334,49.2353,363.128,365.934
6900000000,8.56753e-09,8.63346e-09,6.79261,7.31633,54.6824,51.1588,371.436,374.295
6950000000,8.70314e-09,8.76976e-09,6.67182,7.19912,56.9634,53.1952,380.05,382.959
7000000000,8.84414e-09,8.91138e-09,6.55001,7.08074,59.387,55.3534,388.985,391.943
7050000000,8.99083e-09,9.05864e-09,6.42724,6.9612,61.9647,57.6432,398.262,401.266
7100000000,9.14354e-09,9.21186e-09,6.3035,6.84052,64.7099,60.0754,407.899,410.947
7150000000,9.30263e-09,9.37139e-09,6.17885,6.71872,67.6369,62.6618,417.918,421.008
7200000000,9.46847e-09,9.5376e-09,6.05332,6.59582,70.7618,65.4158,428.344,431.471
7250000000,9.64149e-09,9.7109e-09,5.92695,6.47184,74.1022,68.3518,439.2,442.362
7300000000,9.82212e-09,9.89173e-09,5.79975,6.34679,77.6781,71.486,450.514,453.707
7350000000,1.00109e-08,1.00806e-08,5.6718,6.22069,81.5113,74.8366,462.316,465.535
7400000000,1.02082e-08,1.02779e-08,5.54307,6.09355,85.6271,78.4235,474.637,477.878
7450000000,1.04148e-08,1.04844e-08,5.41364,5.9654,90.0525,82.2694,487.512,490.77
7500000000,1.06311e-08,1.07005e-08,5.28353,5.83625,94.819,86.3993,500.979,504.248
7550000000,1.08579e-08,1.09269e-08,5.15275,5.70611,99.9617,90.8415,515.078,518.352
7600000000,1.10959e-08,1.11645e-08,5.02134,5.57501,105.52,95.628,529.853,533.127
7650000000,1.13459e-08,1.14138e-08,4.88933,5.44296,111.54,100.795,545.354,548.621
7700000000,1.16086e-08,1.16759e-08,4.75676,5.30996,118.07,106.382,561.632,564.886
7750000000,1.18852e-08,1.19516e-08,4.62363,5.17605,125.171,112.437,578.746,581.979
7800000000,1.21765e-08,1.2242e-08,4.48999,5.04123,132.909,119.012,596.758,599.965
7850000000,1.24837e-08,1.25481e-08,4.35585,4.90553,141.358,126.166,615.736,618.912
7900000000,1.28081e-08,1.28713e-08,4.22123,4.76894,150.609,133.97,635.755,638.897
7950000000,1.31508e-08,1.32129e-08,4.08617,4.6315,160.761,142.503,656.898,660.003
8000000000,1.35133e-08,1.35744e-08,3.95068,4.49321,171.933,151.857,679.252,682.323
8050000000,1.38972e-08,1.39574e-08,3.81478,4.35409,184.261,162.137,702.916,705.959
8100000000,1.43042e-08,1.43637e-08,3.67852,4.21415,197.904,173.469,727.995,731.023
8150000000,1.4736e-08,1.47953e-08,3.54188,4.0734,213.051,185.996,754.603,757.639
8200000000,1.51947e-08,1.52545e-08,3.4049,3.93187,229.922,199.891,782.863,785.945
8250000000,1.56823e-08,1.57436e-08,3.26761,3.78956,248.778,215.352,812.91,816.091
8300000000,1.62009e-08,1.62653e-08,3.13001,3.64649,269.929,232.619,844.882,848.243
8350000000,1.67527e-08,1.68225e-08,2.99213,3.50267,293.746,251.975,878.926,882.586
8400000000,1.73402e-08,1.74183e-08,2.85399,3.35811,320.672,273.76,915.192,919.317
8450000000,1.79652e-08,1.80562e-08,2.71559,3.21283,351.241,298.383,953.827,958.654
8500000000,1.86299e-08,1.87396e-08,2.57697,3.06684,386.1,326.339,994.967,1000.83
8550000000,1.93354e-08,1.94725e-08,2.43813,2.92015,426.032,358.231,1038.72,1046.09
8600000000,2.00823e-08,2.02586e-08,2.2991,2.77277,471.992,394.798,1085.16,1094.68
8650000000,2.08695e-08,2.11016e-08,2.15988,2.62472,525.145,436.948,1134.25,1146.87
8700000000,2.16937e-08,2.20047e-08,2.02051,2.47601,586.911,485.805,1185.86,1202.86
8750000000,2.25476e-08,2.29698e-08,1.88098,2.32665,659.028,542.769,1239.62,1262.83
8800000000,2.34182e-08,2.39972e-08,1.74131,2.17665,743.599,609.586,1294.84,1326.85
8850000000,2.42838e-08,2.50834e-08,1.60153,2.02602,843.149,688.441,1350.33,1394.79
8900000000,2.51095e-08,2.62194e-08,1.46165,1.87478,960.652,782.067,1404.13,1466.2
8950000000,2.5841e-08,2.73866e-08,1.32167,1.72293,1099.48,893.87,1453.16,1540.07
9000000000,2.6396e-08,2.85512e-08,1.18162,1.57049,1263.23,1028.05,1492.66,1614.53
9050000000,2.66539e-08,2.96554e-08,1.04151,1.41746,1455.2,1189.65,1515.61,1686.29
9100000000,2.6444e-08,3.06037e-08,0.901357,1.26387,1677.46,1384.5,1511.99,1749.83
9150000000,2.55401e-08,3.1245e-08,0.761169,1.10971,1929.05,1618.72,1468.33,1796.31
9200000000,2.36688e-08,3.13486e-08,0.620963,0.955006,2203.32,1897.49,1368.18,1812.11
9250000000,2.05529e-08,3.0582e-08,0.480753,0.799758,2484.69,2222.43,1194.52,1777.41
9300000000,1.60057e-08,2.85093e-08,0.340554,0.64398,2746.32,2586.89,935.27,1665.9
9350000000,1.00689e-08,2.46481e-08,0.200381,0.487681,2951.99,2969.2,591.523,1448.02
9400000000,3.1264e-09,1.86367e-08,0.0602467,0.33087,3064.92,3326.75,184.651,1100.72
9450000000,-4.11683e-09,1.05172e-08,-0.0798336,0.173559,3061.88,3598.04,-244.441,624.471
9500000000,-1.0844e-08,9.82099e-10,-0.219846,0.0157548,2944.26,3720.89,-647.284,58.6217
9550000000,-1.6412e-08,-8.70019e-09,-0.359775,-0.142532,2737.25,3662.69,-984.795,-522.05
9600000000,-2.05238e-08,-1.7183e-08,-0.499607,-0.301292,2477.88,3440.03,-1237.97,-1036.45
9650000000,-2.32108e-08,-2.36076e-08,-0.639327,-0.460516,2201.27,3108.23,-1407.33,-1431.39
9700000000,-2.47019e-08,-2.77978e-08,-0.77892,-0.620196,1932.81,2731.7,-1505.51,-1694.19
9750000000,-2.52894e-08,-3.00636e-08,-0.918369,-0.780323,1686.97,2360.21,-1549.26,-1841.73
9800000000,-2.52453e-08,-3.08981e-08,-1.05766,-0.940888,1469.74,2022.09,-1554.48,-1902.56
9850000000,-2.47872e-08,-3.07725e-08,-1.19678,-1.10188,1281.83,1728.4,-1534.07,-1904.49
9900000000,-2.40753e-08,-3.00544e-08,-1.33571,-1.2633,1121.18,1479.85,-1497.57,-1869.49
9950000000,-2.32209e-08,-2.90014e-08,-1.47443,-1.42513,984.591,1272.24,-1451.72,-1813.1
1e+10,-2.22982e-08,-2.77822e-08,-1.61294,-1.58736,868.625,1099.69,-1401.04,-1745.61
1.005e+10,-2.13556e-08,-2.65026e-08,-1.7512,-1.74999,770.053,956.309,-1348.52,-1673.54
1.01e+10,-2.04232e-08,-2.52261e-08,-1.88922,-1.91302,686.031,836.822,-1296.06,-1600.85
1.015e+10,-1.95194e-08,-2.39891e-08,-2.02696,-2.07642,614.14,736.793,-1244.83,-1529.89
1.02e+10,-1.86544e-08,-2.28111e-08,-2.16441,-2.24019,552.357,652.591,-1195.53,-1461.93
1.025e+10,-1.78333e-08,-2.17012e-08,-2.30156,-2.40434,499.014,581.29,-1148.51,-1397.62
1.03e+10,-1.70583e-08,-2.06622e-08,-2.43839,-2.56884,452.739,520.543,-1103.96,-1337.19
1.035e+10,-1.6329e-08,-1.96932e-08,-2.57488,-2.73369,412.404,468.476,-1061.89,-1280.67
1.04e+10,-1.56442e-08,-1.87914e-08,-2.71101,-2.89889,377.082,423.584,-1022.27,-1227.92
1.045e+10,-1.50019e-08,-1.79527e-08,-2.84677,-3.06443,346.011,384.659,-985.014,-1178.76
1.05e+10,-1.43996e-08,-1.71728e-08,-2.98215,-3.2303,318.56,350.726,-949.992,-1132.95
1.055e+10,-1.38348e-08,-1.64473e-08,-3.11711,-3.39649,294.207,320.993,-917.074,-1090.25
1.06e+10,-1.33048e-08,-1.57716e-08,-3.25164,-3.563,272.517,294.812,-886.126,-1050.42
1.065e+10,-1.28073e-08,-1.51417e-08,-3.38572,-3.72982,253.125,271.655,-857.012,-1013.22
1.07e+10,-1.23397e-08,-1.45538e-08,-3.51934,-3.89695,235.727,251.082,-829.602,-978.455
1.075e+10,-1.19e-08,-1.40043e-08,-3.65248,-4.06437,220.063,232.732,-803.775,-945.909
1.08e+10,-1.14859e-08,-1.34899e-08,-3.78512,-4.23209,205.915,216.3,-779.414,-915.402
1.085e+10,-1.10955e-08,-1.30077e-08,-3.91723,-4.40009,193.099,201.534,-756.412,-886.766
1.09e+10,-1.07272e-08,-1.2555e-08,-4.04882,-4.56837,181.453,188.218,-734.669,-859.849
1.095e+10,-1.03791e-08,-1.21294e-08,-4.17985,-4.73693,170.842,176.172,-714.094,-834.511
1.1e+10,-1.00499e-08,-1.17287e-08,-4.31031,-4.90575,161.149,165.24,-694.603,-810.627
1.105e+10,-9.73823e-09,-1.13509e-08,-4.44018,-5.07483,152.273,155.292,-676.117,-788.082
1.11e+10,-9.44272e-09,-1.09942e-08,-4.56944,-5.24418,144.124,146.214,-658.567,-766.772
1.115e+10,-9.16227e-09,-1.0657e-08,-4.69807,-5.41377,136.628,137.908,-641.886,-746.604
1.12e+10,-8.89583e-09,-1.03378e-08,-4.82607,-5.58361,129.715,130.291,-626.015,-727.492
1.125e+10,-8.64245e-09,-1.00354e-08,-4.95339,-5.75369,123.329,123.287,-610.899,-709.358
1.13e+10,-8.40123e-09,-9.74834e-09,-5.08005,-5.924,117.418,116.835,-596.487,-692.132
1.135e+10,-8.17137e-09,-9.47567e-09,-5.20602,-6.09455,111.935,110.878,-582.734,-675.75
1.14e+10,-7.95212e-09,-9.21636e-09,-5.33127,-6.26532,106.841,105.366,-569.597,-660.152
1.145e+10,-7.74279e-09,-8.96948e-09,-5.4558,-6.43631,102.1,100.257,-557.035,-645.286
1.15e+10,-7.54277e-09,-8.73419e-09,-5.57959,-6.60751,97.6801,95.513,-545.015,-631.103
1.155e+10,-7.35146e-09,-8.50972e-09,-5.70263,-6.77892,93.5536,91.0996,-533.501,-617.557
1.16e+10,-7.16834e-09,-8.29537e-09,-5.8249,-6.95054,89.695,86.9871,-522.464,-604.608
1.165e+10,-6.9929e-09,-8.09049e-09,-5.94639,-7.12236,86.0816,83.1489,-511.874,-592.217
1.17e+10,-6.82471e-09,-7.89449e-09,-6.06706,-7.29438,82.6936,79.5612,-501.707,-580.35
1.175e+10,-6.66333e-09,-7.70681e-09,-6.18694,-7.46658,79.5121,76.2028,-491.937,-568.974
1.18e+10,-6.50837e-09,-7.52697e-09,-6.30601,-7.63897,76.5209,73.0545,-482.541,-558.061
1.185e+10,-6.35948e-09,-7.35448e-09,-6.42422,-7.81155,73.7054,70.0992,-473.5,-547.583
1.19e+10,-6.2163e-09,-7.18893e-09,-6.54159,-7.9843,71.0518,67.3215,-464.792,-537.515
1.195e+10,-6.07854e-09,-7.02991e-09,-6.65813,-8.15723,68.548,64.7075,-456.402,-527.834
1.2e+10,-5.9459e-09,-6.87705e-09,-6.77377,-8.33033,66.1833,62.2445,-448.31,-518.517
1.205e+10,-5.81811e-09,-6.73001e-09,-6.88857,-8.50359,63.947,59.9212,-440.503,-509.545
1.21e+10,-5.69491e-09,-6.58848e-09,-7.00244,-8.67701,61.8305,57.7272,-432.965,-500.9
1.215e+10,-5.57608e-09,-6.45216e-09,-7.11546,-8.8506,59.8249,55.653,-425.682,-492.562
1.22e+10,-5.46139e-09,-6.32077e-09,-7.22755,-9.02433,57.9231,53.6902,-418.642,-484.518
1.225e+10,-5.35063e-09,-6.19407e-09,-7.33873,-9.19822,56.1176,51.8308,-411.832,-476.751
1.23e+10,-5.24361e-09,-6.0718e-09,-7.44901,-9.37225,54.4022,50.0678,-405.243,-469.248
1.235e+10,-5.14015e-09,-5.95374e-09,-7.55835,-9.54642,52.771,48.3945,-398.862,-461.995
1.24e+10,-5.04008e-09,-5.83969e-09,-7.66678,-9.72073,51.2184,46.805,-392.681,-454.979
1.245e+10,-4.94325e-09,-5.72946e-09,-7.77426,-9.89518,49.7396,45.2938,-386.689,-448.191
1.25e+10,-4.8495e-09,-5.62285e-09,-7.8808,-10.0698,48.3299,43.8558,-380.878,-441.618
1.255e+10,-4.75868e-09,-5.5197e-09,-7.98642,-10.2445,46.9849,42.4863,-375.241,-435.25
1.26e+10,-4.67068e-09,-5.41984e-09,-8.09107,-10.4193,45.7009,41.1811,-369.769,-429.079
1.265e+10,-4.58536e-09,-5.32313e-09,-8.19479,-10.5943,44.474,39.9362,-364.455,-423.094
1.27e+10,-4.50261e-09,-5.22941e-09,-8.29755,-10.7693,43.301,38.7479,-359.292,-417.289
1.275e+10,-4.42231e-09,-5.13857e-09,-8.39936,-10.9445,42.1787,37.6128,-354.274,-411.654
1.28e+10,-4.34436e-09,-5.05046e-09,-8.50022,-11.1198,41.1041,36.5278,-349.394,-406.182
1.285e+10,-4.26867e-09,-4.96498e-09,-8.60011,-11.2952,40.0748,35.4899,-344.647,-400.867
1.29e+10,-4.19513e-09,-4.882e-09,-8.69907,-11.4707,39.0879,34.4966,-340.028,-395.701
1.295e+10,-4.12366e-09,-4.80143e-09,-8.79705,-11.6464,38.1413,33.5452,-335.531,-390.679
1.3e+10,-4.05418e-09,-4.72316e-09,-8.89406,-11.8221,37.2328,32.6334,-331.151,-385.794
1.305e+10,-3.9866e-09,-4.6471e-09,-8.99012,-11.9979,36.3603,31.759,-326.884,-381.041
1.31e+10,-3.92085e-09,-4.57315e-09,-9.08523,-12.1738,35.5219,30.9201,-322.724,-376.415
1.315e+10,-3.85687e-09,-4.50124e-09,-9.17938,-12.3498,34.7158,30.1147,-318.669,-371.91
1.32e+10,-3.79457e-09,-4.43128e-09,-9.27256,-12.5259,33.9404,29.341,-314.714,-367.522
1.325e+10,-3.7339e-09,-4.3632e-09,-9.36479,-12.7021,33.1941,28.5974,-310.856,-363.246
1.33e+10,-3.6748e-09,-4.29692e-09,-9.45604,-12.8783,32.4755,27.8824,-307.089,-359.078
1.335e+10,-3.6172e-09,-4.23237e-09,-9.54634,-13.0546,31.7831,27.1944,-303.413,-355.013
1.34e+10,-3.56106e-09,-4.16949e-09,-9.6357,-13.2311,31.1158,26.5322,-299.822,-351.049
1.345e+10,-3.50631e-09,-4.10822e-09,-9.72408,-13.4076,30.4722,25.8944,-296.314,-347.181
1.35e+10,-3.45291e-09,-4.0485e-09,-9.81152,-13.5841,29.8513,25.28,-292.886,-343.406
1.355e+10,-3.40081e-09,-3.99027e-09,-9.898,-13.7607,29.2519,24.6876,-289.535,-339.72
1.36e+10,-3.34997e-09,-3.93347e-09,-9.98352,-13.9375,28.6732,24.1164,-286.259,-336.121
1.365e+10,-3.30033e-09,-3.87807e-09,-10.0681,-14.1142,28.1141,23.5652,-283.055,-332.604
1.37e+10,-3.25187e-09,-3.82399e-09,-10.1517,-14.291,27.5737,23.0332,-279.92,-329.168
1.375e+10,-3.20453e-09,-3.77122e-09,-10.2343,-14.4679,27.0513,22.5194,-276.852,-325.81
1.38e+10,-3.15829e-09,-3.71968e-09,-10.3161,-14.6449,26.5459,22.0231,-273.849,-322.526
1.385e+10,-3.1131e-09,-3.66935e-09,-10.3968,-14.8219,26.057,21.5435,-270.909,-319.315
1.39e+10,-3.06893e-09,-3.62019e-09,-10.4765,-14.999,25.5837,21.0797,-268.029,-316.174
1.395e+10,-3.02575e-09,-3.57215e-09,-10.5554,-15.1761,25.1255,20.6312,-265.208,-313.1
1.4e+10,-2.98352e-09,-3.52519e-09,-10.6332,-15.3532,24.6815,20.1972,-262.444,-310.092
1.405e+10,-2.94222e-09,-3.47929e-09,-10.7101,-15.5305,24.2514,19.7771,-259.735,-307.148
1.41e+10,-2.90181e-09,-3.43441e-09,-10.7861,-15.7077,23.8344,19.3704,-257.079,-304.264
1.415e+10,-2.86226e-09,-3.39051e-09,-10.861,-15.885,23.4302,18.9764,-254.475,-301.441
1.42e+10,-2.82356e-09,-3.34757e-09,-10.935,-16.0624,23.0381,18.5947,-251.922,-298.674
1.425e+10,-2.78567e-09,-3.30555e-09,-11.008,-16.2398,22.6577,18.2247,-249.416,-295.964
1.43e+10,-2.74857e-09,-3.26443e-09,-11.08,-16.4172,22.2885,17.8659,-246.958,-293.308
1.435e+10,-2.71224e-09,-3.22418e-09,-11.1511,-16.5946,21.9302,17.5179,-244.545,-290.704
1.44e+10,-2.67665e-09,-3.18477e-09,-11.2212,-16.7721,21.5822,17.1803,-242.177,-288.151
1.445e+10,-2.64177e-09,-3.14617e-09,-11.2903,-16.9497,21.2442,16.8527,-239.852,-285.647
1.45e+10,-2.6076e-09,-3.10837e-09,-11.3583,-17.1272,20.9158,16.5346,-237.569,-283.192
1.455e+10,-2.57411e-09,-3.07134e-09,-11.4255,-17.3048,20.5966,16.2257,-235.326,-280.783
1.46e+10,-2.54128e-09,-3.03505e-09,-11.4915,-17.4824,20.2865,15.9256,-233.123,-278.419
1.465e+10,-2.50908e-09,-2.99949e-09,-11.5566,-17.6601,19.9849,15.634,-230.958,-276.099
1.47e+10,-2.47752e-09,-2.96463e-09,-11.6207,-17.8378,19.6916,15.3507,-228.83,-273.822
1.475e+10,-2.44655e-09,-2.93045e-09,-11.6838,-18.0155,19.4063,15.0751,-226.739,-271.586
1.48e+10,-2.41618e-09,-2.89695e-09,-11.7458,-18.1932,19.1287,14.8072,-224.683,-269.39
1.485e+10,-2.38637e-09,-2.86408e-09,-11.8068,-18.3709,18.8587,14.5466,-222.661,-267.234
1.49e+10,-2.35713e-09,-2.83185e-09,-11.8668,-18.5487,18.5958,14.293,-220.673,-265.116
1.495e+10,-2.32842e-09,-2.80022e-09,-11.9258,-18.7265,18.3399,14.0462,-218.717,-263.035
1.5e+10,-2.30025e-09,-2.76919e-09,-11.9837,-18.9042,18.0907,13.8059,-216.793,-260.99
1.505e+10,-2.27258e-09,-2.73874e-09,-12.0405,-19.082,17.8481,13.5719,-214.9,-258.981
1.51e+10,-2.24542e-09,-2.70885e-09,-12.0963,-19.2599,17.6117,13.3441,-213.037,-257.005
1.515e+10,-2.21875e-09,-2.67951e-09,-12.1511,-19.4377,17.3815,13.1221,-211.203,-255.063
1.52e+10,-2.19255e-09,-2.6507e-09,-12.2047,-19.6155,17.1571,12.9058,-209.398,-253.154
1.525e+10,-2.16681e-09,-2.62241e-09,-12.2573,-19.7934,16.9384,12.6949,-207.62,-251.276
1.53e+10,-2.14152e-09,-2.59463e-09,-12.3089,-19.9712,16.7253,12.4894,-205.87,-249.429
1.535e+10,-2.11667e-09,-2.56734e-09,-12.3593,-20.1491,16.5176,12.289,-204.146,-247.612
1.54e+10,-2.09225e-09,-2.54053e-09,-12.4087,-20.327,16.315,12.0935,-202.448,-245.825
1.545e+10,-2.06825e-09,-2.51419e-09,-12.457,-20.5048,16.1175,11.9028,-200.775,-244.066
1.55e+10,-2.04465e-09,-2.48831e-09,-12.5042,-20.6827,15.9248,11.7168,-199.127,-242.335
1.555e+10,-2.02145e-09,-2.46287e-09,-12.5503,-20.8606,15.7369,11.5352,-197.503,-240.631
1.56e+10,-1.99864e-09,-2.43787e-09,-12.5954,-21.0385,15.5536,11.358,-195.902,-238.954
1.565e+10,-1.97621e-09,-2.41329e-09,-12.6393,-21.2163,15.3747,11.1849,-194.325,-237.303
1.57e+10,-1.95415e-09,-2.38912e-09,-12.6821,-21.3942,15.2001,11.0159,-192.769,-235.677
1.575e+10,-1.93245e-09,-2.36536e-09,-12.7239,-21.5721,15.0297,10.8509,-191.236,-234.076
1.58e+10,-1.91111e-09,-2.34199e-09,-12.7645,-21.75,14.8634,10.6896,-189.724,-232.499
1.585e+10,-1.8901e-09,-2.319e-09,-12.804,-21.9278,14.701,10.5321,-188.233,-230.946
1.59e+10,-1.86944e-09,-2.29639e-09,-12.8425,-22.1057,14.5425,10.3781,-186.762,-229.416
1.595e+10,-1.8491e-09,-2.27415e-09,-12.8799,-22.2835,14.3877,10.2276,-185.311,-227.908
1.6e+10,-1.82909e-09,-2.25226e-09,-12.9161,-22.4614,14.2364,10.0805,-183.88,-226.422
1.605e+10,-1.80938e-09,-2.23073e-09,-12.9513,-22.6392,14.0887,9.93666,-182.468,-224.958
1.61e+10,-1.78999e-09,-2.20954e-09,-12.9854,-22.817,13.9444,9.79598,-181.074,-223.515
1.615e+10,-1.7709e-09,-2.18868e-09,-13.0184,-22.9948,13.8034,9.65837,-179.699,-222.093
1.62e+10,-1.7521e-09,-2.16814e-09,-13.0503,-23.1726,13.6657,9.52374,-178.342,-220.69
1.625e+10,-1.73358e-09,-2.14793e-09,-13.0812,-23.3504,13.531,9.39202,-177.002,-219.308
1.63e+10,-1.71535e-09,-2.12803e-09,-13.111,-23.5282,13.3993,9.26311,-175.679,-217.944
1.635e+10,-1.69739e-09,-2.10843e-09,-13.1398,-23.7059,13.2706,9.13693,-174.373,-216.6
1.64e+10,-1.67971e-09,-2.08914e-09,-13.1675,-23.8837,13.1448,9.01341,-173.084,-215.274
1.645e+10,-1.66228e-09,-2.07013e-09,-13.1941,-24.0614,13.0218,8.89248,-171.811,-213.966
1.65e+10,-1.64512e-09,-2.05141e-09,-13.2197,-24.2391,12.9014,8.77405,-170.553,-212.675
1.655e+10,-1.6282e-09,-2.03297e-09,-13.2443,-24.4168,12.7837,8.65806,-169.311,-211.402
1.66e+10,-1.61153e-09,-2.01481e-09,-13.2679,-24.5945,12.6685,8.54445,-168.084,-210.146
1.665e+10,-1.59511e-09,-1.99691e-09,-13.2905,-24.7721,12.5558,8.43314,-166.872,-208.907
1.67e+10,-1.57892e-09,-1.97928e-09,-13.312,-24.9498,12.4455,8.32407,-165.675,-207.684
1.675e+10,-1.56296e-09,-1.9619e-09,-13.3326,-25.1274,12.3375,8.21719,-164.492,-206.477
1.68e+10,-1.54723e-09,-1.94477e-09,-13.3522,-25.305,12.2319,8.11244,-163.322,-205.285
1.685e+10,-1.53173e-09,-1.92789e-09,-13.3708,-25.4826,12.1284,8.00975,-162.167,-204.109
1.69e+10,-1.51644e-09,-1.91125e-09,-13.3885,-25.6601,12.0271,7.90908,-161.024,-202.948
1.695e+10,-1.50137e-09,-1.89485e-09,-13.4053,-25.8376,11.9278,7.81036,-159.895,-201.801
1.7e+10,-1.4865e-09,-1.87867e-09,-13.4211,-26.0151,11.8306,7.71356,-158.779,-200.669
1.705e+10,-1.47184e-09,-1.86273e-09,-13.436,-26.1926,11.7353,7.61861,-157.676,-199.551
1.71e+10,-1.45738e-09,-1.84701e-09,-13.45,-26.37,11.642,7.52548,-156.585,-198.447
1.715e+10,-1.44312e-09,-1.8315e-09,-13.4631,-26.5475,11.5505,7.43411,-155.506,-197.357
1.72e+10,-1.42905e-09,-1.81621e-09,-13.4753,-26.7248,11.4609,7.34446,-154.439,-196.279
1.725e+10,-1.41518e-09,-1.80113e-09,-13.4867,-26.9022,11.373,7.25648,-153.384,-195.215
1.73e+10,-1.40149e-09,-1.78625e-09,-13.4972,-27.0796,11.2868,7.17015,-152.34,-194.164
1.735e+10,-1.38798e-09,-1.77158e-09,-13.5069,-27.2569,11.2023,7.0854,-151.308,-193.126
1.74e+10,-1.37465e-09,-1.7571e-09,-13.5157,-27.4341,11.1194,7.00221,-150.287,-192.1
1.745e+10,-1.36149e-09,-1.74282e-09,-13.5237,-27.6114,11.0381,6.92053,-149.276,-191.086
1.75e+10,-1.34851e-09,-1.72873e-09,-13.5309,-27.7886,10.9583,6.84034,-148.276,-190.083
1.755e+10,-1.33569e-09,-1.71482e-09,-13.5374,-27.9658,10.88,6.76158,-147.287,-189.093
1.76e+10,-1.32305e-09,-1.7011e-09,-13.5431,-28.143,10.8032,6.68424,-146.308,-188.114
1.765e+10,-1.31056e-09,-1.68755e-09,-13.5479,-28.3201,10.7277,6.60826,-145.339,-187.146
1.77e+10,-1.29824e-09,-1.67418e-09,-13.5521,-28.4972,10.6537,6.53363,-144.38,-186.19
1.775e+10,-1.28607e-09,-1.66099e-09,-13.5555,-28.6742,10.581,6.46031,-143.43,-185.244
1.78e+10,-1.27405e-09,-1.64796e-09,-13.5581,-28.8513,10.5096,6.38826,-142.491,-184.309
1.785e+10,-1.26219e-09,-1.6351e-09,-13.5601,-29.0282,10.4395,6.31747,-141.56,-183.385
1.79e+10,-1.25047e-09,-1.62241e-09,-13.5613,-29.2052,10.3706,6.24789,-140.639,-182.471
1.795e+10,-1.2389e-09,-1.60988e-09,-13.5618,-29.3821,10.303,6.1795,-139.727,-181.567
1.8e+10,-1.22747e-09,-1.5975e-09,-13.5616,-29.559,10.2365,6.11228,-138.824,-180.673
1.805e+10,-1.21618e-09,-1.58528e-09,-13.5608,-29.7359,10.1712,6.04619,-137.929,-179.789
1.81e+10,-1.20503e-09,-1.57321e-09,-13.5592,-29.9127,10.107,5.98121,-137.043,-178.914
1.815e+10,-1.19402e-09,-1.56129e-09,-13.557,-30.0895,10.0439,5.91732,-136.165,-178.049
1.82e+10,-1.18313e-09,-1.54952e-09,-13.5541,-30.2662,9.98192,5.8545,-135.296,-177.193
1.825e+10,-1.17238e-09,-1.53789e-09,-13.5506,-30.4429,9.92098,5.7927,-134.435,-176.347
1.83e+10,-1.16176e-09,-1.5264e-09,-13.5464,-30.6196,9.86106,5.73193,-133.582,-175.509
1.835e+10,-1.15126e-09,-1.51505e-09,-13.5415,-30.7962,9.80217,5.67214,-132.736,-174.68
1.84e+10,-1.14089e-09,-1.50384e-09,-13.536,-30.9728,9.74427,5.61333,-131.899,-173.86
1.845e+10,-1.13064e-09,-1.49277e-09,-13.5299,-31.1493,9.68731,5.55546,-131.069,-173.049
1.85e+10,-1.1205e-09,-1.48183e-09,-13.5232,-31.3258,9.63133,5.49852,-130.246,-172.246
1.855e+10,-1.11049e-09,-1.47101e-09,-13.5158,-31.5023,9.57627,5.44249,-129.431,-171.451
1.86e+10,-1.10059e-09,-1.46033e-09,-13.5077,-31.6787,9.52216,5.38735,-128.623,-170.664
1.865e+10,-1.0908e-09,-1.44977e-09,-13.4991,-31.8551,9.4689,5.33308,-127.822,-169.886
1.87e+10,-1.08113e-09,-1.43933e-09,-13.4898,-32.0315,9.41655,5.27966,-127.028,-169.115
1.875e+10,-1.07156e-09,-1.42902e-09,-13.4799,-32.2078,9.36507,5.22707,-126.241,-168.352
1.88e+10,-1.06211e-09,-1.41883e-09,-13.4694,-32.3841,9.31442,5.1753,-125.46,-167.597
1.885e+10,-1.05276e-09,-1.40875e-09,-13.4583,-32.5603,9.26464,5.12432,-124.686,-166.849
1.89e+10,-1.04351e-09,-1.39879e-09,-13.4465,-32.7365,9.21568,5.07413,-123.919,-166.109
1.895e+10,-1.03437e-09,-1.38894e-09,-13.4342,-32.9126,9.16753,5.02471,-123.158,-165.376
1.9e+10,-1.02532e-09,-1.37921e-09,-13.4212,-33.0887,9.12019,4.97603,-122.404,-164.65
1.905e+10,-1.01638e-09,-1.36958e-09,-13.4076,-33.2648,9.07362,4.92809,-121.655,-163.932
1.91e+10,-1.00753e-09,-1.36007e-09,-13.3933,-33.4408,9.02785,4.88087,-120.913,-163.22
1.915e+10,-9.98785e-10,-1.35066e-09,-13.3785,-33.6168,8.98284,4.83435,-120.177,-162.515
1.92e+10,-9.9013e-10,-1.34135e-09,-13.363,-33.7927,8.93858,4.78852,-119.446,-161.817
1.925e+10,-9.81569e-10,-1.33215e-09,-13.3469,-33.9686,8.89508,4.74338,-118.722,-161.126
1.93e+10,-9.73099e-10,-1.32306e-09,-13.3302,-34.1444,8.85232,4.69889,-118.003,-160.441
1.935e+10,-9.6472e-10,-1.31406e-09,-13.3129,-34.3202,8.81029,4.65505,-117.29,-159.763
1.94e+10,-9.56429e-10,-1.30516e-09,-13.2949,-34.496,8.76897,4.61186,-116.583,-159.091
1.945e+10,-9.48226e-10,-1.29635e-09,-13.2763,-34.6717,8.72837,4.56928,-115.881,-158.425
1.95e+10,-9.40109e-10,-1.28765e-09,-13.2571,-34.8474,8.68848,4.52732,-115.184,-157.765
1.955e+10,-9.32078e-10,-1.27903e-09,-13.2373,-35.023,8.64927,4.48596,-114.493,-157.112
1.96e+10,-9.24129e-10,-1.27051e-09,-13.2168,-35.1985,8.61076,4.44519,-113.807,-156.464
1.965e+10,-9.16263e-10,-1.26209e-09,-13.1957,-35.3741,8.57293,4.405,-113.126,-155.823
1.97e+10,-9.08479e-10,-1.25375e-09,-13.174,-35.5496,8.53576,4.36538,-112.45,-155.187
1.975e+10,-9.00774e-10,-1.2455e-09,-13.1517,-35.725,8.49923,4.32631,-111.78,-154.557
1.98e+10,-8.93148e-10,-1.23733e-09,-13.1288,-35.9004,8.4634,4.28778,-111.114,-153.933
1.985e+10,-8.856e-10,-1.22926e-09,-13.1052,-36.0757,8.42819,4.24979,-110.453,-153.314
1.99e+10,-8.78128e-10,-1.22126e-09,-13.081,-36.251,8.39362,4.21233,-109.797,-152.701
1.995e+10,-8.70731e-10,-1.21336e-09,-13.0562,-36.4263,8.35969,4.17538,-109.146,-152.094
2e+10,-8.63409e-10,-1.20553e-09,-13.0308,-36.6015,8.32638,4.13894,-108.499,-151.491
2.005e+10,-8.5616e-10,-1.19778e-09,-13.0048,-36.7767,8.29368,4.10299,-107.857,-150.894
2.01e+10,-8.48984e-10,-1.19012e-09,-12.9781,-36.9518,8.2616,4.06753,-107.22,-150.302
2.015e+10,-8.41878e-10,-1.18253e-09,-12.9509,-37.1268,8.2301,4.03255,-106.587,-149.716
2.02e+10,-8.34843e-10,-1.17502e-09,-12.923,-37.3018,8.1992,3.99804,-105.959,-149.134
2.025e+10,-8.27877e-10,-1.16759e-09,-12.8946,-37.4768,8.16889,3.96399,-105.335,-148.558
2.03e+10,-8.20979e-10,-1.16023e-09,-12.8656,-37.6517,8.13915,3.93039,-104.715,-147.986
2.035e+10,-8.14149e-10,-1.15295e-09,-12.836,-37.8266,8.10997,3.89723,-104.099,-147.419
2.04e+10,-8.07385e-10,-1.14574e-09,-12.8058,-38.0014,8.08135,3.86452,-103.488,-146.857
2.045e+10,-8.00686e-10,-1.1386e-09,-12.7751,-38.1762,8.05328,3.83223,-102.881,-146.3
2.05e+10,-7.94052e-10,-1.13153e-09,-12.7437,-38.351,8.02575,3.80036,-102.278,-145.747
2.055e+10,-7.87482e-10,-1.12454e-09,-12.7119,-38.5256,7.99876,3.76891,-101.679,-145.2
2.06e+10,-7.80975e-10,-1.11761e-09,-12.6795,-38.7003,7.97228,3.73786,-101.084,-144.656
2.065e+10,-7.74529e-10,-1.11075e-09,-12.6465,-38.8749,7.94632,3.70721,-100.493,-144.117
2.07e+10,-7.68145e-10,-1.10396e-09,-12.6131,-39.0494,7.92087,3.67696,-99.9065,-143.583
2.075e+10,-7.61822e-10,-1.09723e-09,-12.5791,-39.2239,7.8959,3.64709,-99.3233,-143.053
2.08e+10,-7.55557e-10,-1.09057e-09,-12.5446,-39.3984,7.87143,3.61759,-98.744,-142.527
2.085e+10,-7.49352e-10,-1.08398e-09,-12.5096,-39.5727,7.84743,3.58848,-98.1684,-142.006
2.09e+10,-7.43205e-10,-1.07745e-09,-12.4742,-39.7471,7.8239,3.55972,-97.5966,-141.489
2.095e+10,-7.37115e-10,-1.07098e-09,-12.4382,-39.9214,7.80083,3.53133,-97.0284,-140.976
2.1e+10,-7.31081e-10,-1.06457e-09,-12.4018,-40.0956,7.7782,3.50329,-96.4639,-140.467
2.105e+10,-7.25103e-10,-1.05822e-09,-12.365,-40.2698,7.75602,3.4756,-95.9029,-139.962
2.11e+10,-7.1918e-10,-1.05194e-09,-12.3277,-40.444,7.73426,3.44825,-95.3455,-139.461
2.115e+10,-7.13312e-10,-1.04571e-09,-12.29,-40.6181,7.71292,3.42124,-94.7916,-138.964
2.12e+10,-7.07497e-10,-1.03955e-09,-12.2519,-40.7921,7.69198,3.39456,-94.2411,-138.471
2.125e+10,-7.01735e-10,-1.03344e-09,-12.2133,-40.9662,7.67147,3.3682,-93.694,-137.982
2.13e+10,-6.96025e-10,-1.02739e-09,-12.1744,-41.1401,7.65133,3.34216,-93.1503,-137.497
2.135e+10,-6.90366e-10,-1.02139e-09,-12.1351,-41.314,7.63157,3.31644,-92.6099,-137.015
2.14e+10,-6.84759e-10,-1.01545e-09,-12.0954,-41.4879,7.61219,3.29102,-92.0728,-136.538
2.145e+10,-6.79202e-10,-1.00957e-09,-12.0554,-41.6617,7.59317,3.26591,-91.5389,-136.063
2.15e+10,-6.73694e-10,-1.00373e-09,-12.0151,-41.8354,7.5745,3.2411,-91.0083,-135.593
2.155e+10,-6.68235e-10,-9.97958e-10,-11.9744,-42.0091,7.55617,3.21659,-90.4808,-135.126
2.16e+10,-6.62824e-10,-9.92234e-10,-11.9334,-42.1828,7.53818,3.19236,-89.9564,-134.663
2.165e+10,-6.57461e-10,-9.86562e-10,-11.8921,-42.3564,7.52051,3.16842,-89.4351,-134.203
2.17e+10,-6.52145e-10,-9.80942e-10,-11.8506,-42.53,7.50316,3.14476,-88.9168,-133.747
2.175e+10,-6.46875e-10,-9.75372e-10,-11.8087,-42.7035,7.48613,3.12138,-88.4015,-133.294
2.18e+10,-6.41651e-10,-9.69853e-10,-11.7666,-42.8769,7.46939,3.09826,-87.8892,-132.844
2.185e+10,-6.36473e-10,-9.64384e-10,-11.7242,-43.0504,7.45295,3.07542,-87.3798,-132.398
2.19e+10,-6.31339e-10,-9.58963e-10,-11.6816,-43.2237,7.43679,3.05284,-86.8733,-131.955
2.195e+10,-6.26249e-10,-9.53591e-10,-11.6387,-43.397,7.4209,3.03052,-86.3697,-131.515
2.2e+10,-6.21202e-10,-9.48267e-10,-11.5956,-43.5703,7.40529,3.00845,-85.8688,-131.079
2.205e+10,-6.16198e-10,-9.42989e-10,-11.5523,-43.7435,7.38995,2.98663,-85.3707,-130.646
2.21e+10,-6.11237e-10,-9.37759e-10,-11.5088,-43.9167,7.37485,2.96506,-84.8754,-130.216
2.215e+10,-6.06317e-10,-9.32574e-10,-11.465,-44.0898,7.36001,2.94374,-84.3827,-129.789
2.22e+10,-6.01439e-10,-9.27435e-10,-11.4211,-44.2629,7.34541,2.92265,-83.8927,-129.365
2.225e+10,-5.96601e-10,-9.22341e-10,-11.377,-44.4359,7.33105,2.9018,-83.4053,-128.944
2.23e+10,-5.91803e-10,-9.17291e-10,-11.3327,-44.6088,7.31693,2.88118,-82.9206,-128.526
2.235e+10,-5.87046e-10,-9.12285e-10,-11.2882,-44.7817,7.30303,2.8608,-82.4383,-128.111
2.24e+10,-5.82327e-10,-9.07322e-10,-11.2436,-44.9546,7.28935,2.84063,-81.9586,-127.7
2.245e+10,-5.77646e-10,-9.02402e-10,-11.1988,-45.1274,7.2759,2.82069,-81.4814,-127.291
2.25e+10,-5.73004e-10,-8.97525e-10,-11.1539,-45.3002,7.26265,2.80097,-81.0066,-126.885
2.255e+10,-5.684e-10,-8.92689e-10,-11.1087,-45.4729,7.24962,2.78147,-80.5342,-126.481
2.26e+10,-5.63833e-10,-8.87894e-10,-11.0635,-45.6456,7.2368,2.76217,-80.0642,-126.081
2.265e+10,-5.59302e-10,-8.8314e-10,-11.0181,-45.8182,7.22418,2.74309,-79.5966,-125.683
2.27e+10,-5.54807e-10,-8.78426e-10,-10.9725,-45.9908,7.21177,2.72421,-79.1312,-125.288
2.275e+10,-5.50349e-10,-8.73752e-10,-10.9268,-46.1633,7.19956,2.70553,-78.6682,-124.896
2.28e+10,-5.45925e-10,-8.69118e-10,-10.881,-46.3358,7.18755,2.68706,-78.2074,-124.507
2.285e+10,-5.41537e-10,-8.64522e-10,-10.835,-46.5082,7.17573,2.66878,-77.7488,-124.12
2.29e+10,-5.37182e-10,-8.59965e-10,-10.7888,-46.6805,7.16411,2.6507,-77.2924,-123.736
2.295e+10,-5.32862e-10,-8.55445e-10,-10.7426,-46.8529,7.15268,2.6328,-76.8382,-123.354
2.3e+10,-5.28575e-10,-8.50964e-10,-10.6961,-47.0251,7.14146,2.6151,-76.3861,-122.976
2.305e+10,-5.24321e-10,-8.46519e-10,-10.6496,-47.1974,7.13042,2.59758,-75.9361,-122.599
2.31e+10,-5.201e-10,-8.42111e-10,-10.6029,-47.3695,7.11958,2.58025,-75.4881,-122.225
2.315e+10,-5.15911e-10,-8.37739e-10,-10.556,-47.5417,7.10894,2.5631,-75.0422,-121.854
2.32e+10,-5.11754e-10,-8.33403e-10,-10.509,-47.7137,7.09849,2.54612,-74.5984,-121.485
2.325e+10,-5.07629e-10,-8.29103e-10,-10.4619,-47.8858,7.08825,2.52933,-74.1565,-121.119
2.33e+10,-5.03534e-10,-8.24837e-10,-10.4146,-48.0577,7.07819,2.5127,-73.7165,-120.755
2.335e+10,-4.99471e-10,-8.20606e-10,-10.3671,-48.2297,7.06835,2.49625,-73.2785,-120.393
2.34e+10,-4.95437e-10,-8.1641e-10,-10.3195,-48.4015,7.0587,2.47996,-72.8424,-120.034
2.345e+10,-4.91434e-10,-8.12247e-10,-10.2718,-48.5734,7.04925,2.46384,-72.4082,-119.677
2.35e+10,-4.8746e-10,-8.08117e-10,-10.2238,-48.7451,7.04002,2.44788,-71.9759,-119.322
2.355e+10,-4.83516e-10,-8.04021e-10,-10.1757,-48.9169,7.03098,2.43209,-71.5454,-118.97
2.36e+10,-4.796e-10,-7.99958e-10,-10.1274,-49.0885,7.02217,2.41645,-71.1167,-118.62
2.365e+10,-4.75713e-10,-7.95926e-10,-10.079,-49.2602,7.01356,2.40098,-70.6897,-118.273
2.37e+10,-4.71855e-10,-7.91927e-10,-10.0304,-49.4318,7.00517,2.38565,-70.2646,-117.927
2.375e+10,-4.68024e-10,-7.8796e-10,-9.9816,-49.6033,6.997,2.37048,-69.8412,-117.584
2.38e+10,-4.64221e-10,-7.84024e-10,-9.93263,-49.7748,6.98904,2.35546,-69.4195,-117.243
2.385e+10,-4.60445e-10,-7.80118e-10,-9.88346,-49.9462,6.98131,2.34059,-68.9996,-116.904
2.39e+10,-4.56697e-10,-7.76244e-10,-9.83413,-50.1176,6.97381,2.32587,-68.5813,-116.567
2.395e+10,-4.52975e-10,-7.72399e-10,-9.7846,-50.2889,6.96653,2.31129,-68.1647,-116.232
2.4e+10,-4.49279e-10,-7.68585e-10,-9.73489,-50.4602,6.95947,2.29686,-67.7497,-115.9
2.405e+10,-4.4561e-10,-7.648e-10,-9.68498,-50.6315,6.95266,2.28256,-67.3364,-115.569
2.41e+10,-4.41967e-10,-7.61045e-10,-9.63489,-50.8027,6.94608,2.2684,-66.9247,-115.241
2.415e+10,-4.38349e-10,-7.57318e-10,-9.5846,-50.9738,6.93974,2.25439,-66.5146,-114.915
2.42e+10,-4.34756e-10,-7.53621e-10,-9.53412,-51.1449,6.93363,2.2405,-66.106,-114.59
2.425e+10,-4.31189e-10,-7.49951e-10,-9.48346,-51.316,6.92776,2.22675,-65.6991,-114.268
2.43e+10,-4.27646e-10,-7.4631e-10,-9.4326,-51.487,6.92213,2.21314,-65.2937,-113.948
2.435e+10,-4.24129e-10,-7.42697e-10,-9.38154,-51.6579,6.91675,2.19965,-64.8898,-113.629
2.44e+10,-4.20635e-10,-7.39111e-10,-9.33031,-51.8288,6.91161,2.18629,-64.4874,-113.313
2.445e+10,-4.17165e-10,-7.35552e-10,-9.27888,-51.9997,6.90672,2.17306,-64.0866,-112.998
2.45e+10,-4.1372e-10,-7.3202e-10,-9.22726,-52.1705,6.90208,2.15995,-63.6872,-112.686
2.455e+10,-4.10298e-10,-7.28515e-10,-9.17546,-52.3412,6.89767,2.14697,-63.2893,-112.375
2.46e+10,-4.06899e-10,-7.25036e-10,-9.12348,-52.512,6.89353,2.13411,-62.8929,-112.066
2.465e+10,-4.03524e-10,-7.21583e-10,-9.07133,-52.6826,6.88961,2.12137,-62.498,-111.759
2.47e+10,-4.00171e-10,-7.18156e-10,-9.019,-52.8532,6.88596,2.10874,-62.1045,-111.454
2.475e+10,-3.96842e-10,-7.14754e-10,-8.96651,-53.0238,6.88254,2.09624,-61.7124,-111.151
2.48e+10,-3.93535e-10,-7.11378e-10,-8.91386,-53.1943,6.87937,2.08385,-61.3217,-110.849
2.485e+10,-3.9025e-10,-7.08027e-10,-8.86105,-53.3648,6.87644,2.07158,-60.9325,-110.549
2.49e+10,-3.86987e-10,-7.04701e-10,-8.80808,-53.5352,6.87376,2.05942,-60.5446,-110.251
2.495e+10,-3.83746e-10,-7.01399e-10,-8.75498,-53.7056,6.8713,2.04737,-60.1581,-109.955
2.5e+10,-3.80527e-10,-6.98121e-10,-8.70174,-53.8759,6.86909,2.03543,-59.773,-109.661
2.505e+10,-3.77329e-10,-6.94867e-10,-8.64837,-54.0462,6.86711,2.0236,-59.3893,-109.368
2.51e+10,-3.74153e-10,-6.91638e-10,-8.59486,-54.2165,6.86537,2.01188,-59.0069,-109.077
2.515e+10,-3.70998e-10,-6.88431e-10,-8.54125,-54.3866,6.86385,2.00026,-58.6259,-108.787
2.52e+10,-3.67864e-10,-6.85248e-10,-8.48754,-54.5568,6.86255,1.98875,-58.2462,-108.5
2.525e+10,-3.6475e-10,-6.82088e-10,-8.43372,-54.7269,6.86147,1.97734,-57.8678,-108.214
2.53e+10,-3.61657e-10,-6.78951e-10,-8.37981,-54.8969,6.86062,1.96603,-57.4907,-107.929
2.535e+10,-3.58585e-10,-6.75836e-10,-8.32582,-55.0669,6.85997,1.95483,-57.1149,-107.646
2.54e+10,-3.55532e-10,-6.72744e-10,-8.27177,-55.2369,6.85953,1.94372,-56.7404,-107.365
2.545e+10,-3.525e-10,-6.69674e-10,-8.21764,-55.4068,6.85929,1.93272,-56.3672,-107.086
2.55e+10,-3.49487e-10,-6.66626e-10,-8.16346,-55.5767,6.85925,1.92181,-55.9952,-106.808
2.555e+10,-3.46494e-10,-6.63599e-10,-8.10924,-55.7465,6.8594,1.91099,-55.6245,-106.531
2.56e+10,-3.4352e-10,-6.60594e-10,-8.05499,-55.9163,6.85973,1.90028,-55.2551,-106.256
2.565e+10,-3.40566e-10,-6.57611e-10,-8.00071,-56.086,6.86024,1.88965,-54.8868,-105.983
2.57e+10,-3.3763e-10,-6.54648e-10,-7.94641,-56.2557,6.86093,1.87912,-54.5198,-105.711
2.575e+10,-3.34714e-10,-6.51707e-10,-7.89212,-56.4253,6.86178,1.86868,-54.154,-105.441
2.58e+10,-3.31816e-10,-6.48785e-10,-7.83782,-56.5949,6.8628,1.85833,-53.7894,-105.172
2.585e+10,-3.28936e-10,-6.45885e-10,-7.78353,-56.7644,6.86397,1.84807,-53.426,-104.905
2.59e+10,-3.26075e-10,-6.43005e-10,-7.72927,-56.9339,6.86529,1.8379,-53.0637,-104.639
2.595e+10,-3.23232e-10,-6.40144e-10,-7.67503,-57.1033,6.86676,1.82782,-52.7026,-104.375
2.6e+10,-3.20407e-10,-6.37304e-10,-7.62084,-57.2728,6.86836,1.81782,-52.3426,-104.112
2.605e+10,-3.176e-10,-6.34483e-10,-7.56669,-57.4421,6.87008,1.80791,-51.9838,-103.85
2.61e+10,-3.1481e-10,-6.31682e-10,-7.51259,-57.6114,6.87193,1.79809,-51.6261,-103.59
2.615e+10,-3.12038e-10,-6.289e-10,-7.45856,-57.7807,6.87391,1.78834,-51.2694,-103.332
2.62e+10,-3.09282e-10,-6.26138e-10,-7.4046,-57.9499,6.87599,1.77868,-50.9139,-103.074
2.625e+10,-3.06544e-10,-6.23394e-10,-7.35071,-58.1191,6.87817,1.7691,-50.5594,-102.819
2.63e+10,-3.03823e-10,-6.20669e-10,-7.2969,-58.2882,6.88046,1.7596,-50.206,-102.564
2.635e+10,-3.01118e-10,-6.17963e-10,-7.24318,-58.4573,6.88284,1.75019,-49.8537,-102.311
2.64e+10,-2.9843e-10,-6.15275e-10,-7.18956,-58.6263,6.88531,1.74085,-49.5023,-102.059
2.645e+10,-2.95757e-10,-6.12605e-10,-7.13603,-58.7953,6.88786,1.73158,-49.152,-101.809
2.65e+10,-2.93101e-10,-6.09953e-10,-7.08261,-58.9643,6.89049,1.7224,-48.8027,-101.56
2.655e+10,-2.90461e-10,-6.0732e-10,-7.02929,-59.1332,6.8932,1.71329,-48.4543,-101.312
2.66e+10,-2.87837e-10,-6.04704e-10,-6.97608,-59.302,6.89598,1.70425,-48.1069,-101.066
2.665e+10,-2.85227e-10,-6.02105e-10,-6.92299,-59.4709,6.89882,1.6953,-47.7605,-100.821
2.67e+10,-2.82634e-10,-5.99524e-10,-6.87001,-59.6396,6.90173,1.68641,-47.4149,-100.577
2.675e+10,-2.80055e-10,-5.96961e-10,-6.81715,-59.8084,6.90469,1.6776,-47.0703,-100.334
2.68e+10,-2.77491e-10,-5.94414e-10,-6.76441,-59.977,6.90771,1.66885,-46.7266,-100.093
2.685e+10,-2.74942e-10,-5.91884e-10,-6.71179,-60.1457,6.91079,1.66018,-46.3838,-99.8529
2.69e+10,-2.72408e-10,-5.89371e-10,-6.65929,-60.3143,6.91392,1.65159,-46.0418,-99.6142
2.695e+10,-2.69888e-10,-5.86875e-10,-6.60691,-60.4828,6.9171,1.64305,-45.7006,-99.3766
2.7e+10,-2.67382e-10,-5.84395e-10,-6.55465,-60.6513,6.92033,1.63459,-45.3603,-99.1403
2.705e+10,-2.6489e-10,-5.81932e-10,-6.5025,-60.8198,6.92361,1.6262,-45.0208,-98.9052
2.71e+10,-2.62412e-10,-5.79484e-10,-6.45048,-60.9882,6.92694,1.61787,-44.6821,-98.6713
2.715e+10,-2.59948e-10,-5.77053e-10,-6.39857,-61.1566,6.93032,1.60962,-44.3442,-98.4386
2.72e+10,-2.57497e-10,-5.74637e-10,-6.34677,-61.3249,6.93376,1.60142,-44.007,-98.2071
2.725e+10,-2.5506e-10,-5.72238e-10,-6.29509,-61.4932,6.93724,1.59329,-43.6705,-97.9767
2.73e+10,-2.52636e-10,-5.69854e-10,-6.24351,-61.6615,6.94078,1.58523,-43.3348,-97.7475
2.735e+10,-2.50224e-10,-5.67485e-10,-6.19203,-61.8297,6.94438,1.57723,-42.9998,-97.5195
2.74e+10,-2.47826e-10,-5.65132e-10,-6.14065,-61.9978,6.94804,1.56929,-42.6655,-97.2927
2.745e+10,-2.4544e-10,-5.62794e-10,-6.08937,-62.1659,6.95176,1.56142,-42.3319,-97.0669
2.75e+10,-2.43066e-10,-5.60471e-10,-6.03818,-62.334,6.95555,1.5536,-41.9989,-96.8424
2.755e+10,-2.40705e-10,-5.58162e-10,-5.98708,-62.502,6.9594,1.54585,-41.6665,-96.6189
2.76e+10,-2.38356e-10,-5.55869e-10,-5.93606,-62.67,6.96334,1.53816,-41.3348,-96.3965
2.765e+10,-2.3602e-10,-5.5359e-10,-5.88512,-62.838,6.96735,1.53053,-41.0037,-96.1753
2.77e+10,-2.33695e-10,-5.51326e-10,-5.83424,-63.0059,6.97146,1.52296,-40.6732,-95.9551
2.775e+10,-2.31381e-10,-5.49076e-10,-5.78344,-63.1737,6.97566,1.51544,-40.3433,-95.7361
2.78e+10,-2.2908e-10,-5.46841e-10,-5.73269,-63.3415,6.97996,1.50798,-40.014,-95.5181
2.785e+10,-2.2679e-10,-5.4462e-10,-5.682,-63.5093,6.98436,1.50059,-39.6852,-95.3012
2.79e+10,-2.24511e-10,-5.42412e-10,-5.63136,-63.6771,6.98888,1.49324,-39.3569,-95.0853
2.795e+10,-2.22243e-10,-5.40219e-10,-5.58078,-63.8447,6.99352,1.48596,-39.0292,-94.8705
2.8e+10,-2.19987e-10,-5.38039e-10,-5.53023,-64.0124,6.99828,1.47873,-38.7021,-94.6568
2.805e+10,-2.17741e-10,-5.35873e-10,-5.47972,-64.18,7.00318,1.47155,-38.3754,-94.4441
2.81e+10,-2.15506e-10,-5.33721e-10,-5.42924,-64.3476,7.00822,1.46443,-38.0493,-94.2324
2.815e+10,-2.13282e-10,-5.31582e-10,-5.37878,-64.5151,7.01341,1.45736,-37.7236,-94.0218
2.82e+10,-2.11069e-10,-5.29456e-10,-5.32835,-64.6826,7.01876,1.45035,-37.3984,-93.8121
2.825e+10,-2.08866e-10,-5.27344e-10,-5.27794,-64.85,7.02428,1.44338,-37.0737,-93.6035
2.83e+10,-2.06674e-10,-5.25244e-10,-5.22755,-65.0174,7.02997,1.43647,-36.7495,-93.3959
2.835e+10,-2.04492e-10,-5.23158e-10,-5.17717,-65.1848,7.03585,1.42962,-36.4258,-93.1892
2.84e+10,-2.0232e-10,-5.21084e-10,-5.1268,-65.3521,7.04192,1.42281,-36.1025,-92.9836
2.845e+10,-2.00158e-10,-5.19023e-10,-5.07643,-65.5193,7.04819,1.41605,-35.7796,-92.7789
2.85e+10,-1.98007e-10,-5.16975e-10,-5.02608,-65.6866,7.05465,1.40935,-35.4572,-92.5752
2.855e+10,-1.95865e-10,-5.1494e-10,-4.97572,-65.8538,7.06134,1.40269,-35.1353,-92.3724
2.86e+10,-1.93734e-10,-5.12917e-10,-4.92538,-66.0209,7.06825,1.39608,-34.8138,-92.1706
2.865e+10,-1.91612e-10,-5.10906e-10,-4.87503,-66.188,7.07538,1.38952,-34.4927,-91.9698
2.87e+10,-1.895e-10,-5.08907e-10,-4.82469,-66.3551,7.08275,1.38301,-34.1721,-91.7699
2.875e+10,-1.87398e-10,-5.06921e-10,-4.77435,-66.5221,7.09036,1.37655,-33.8519,-91.571
2.88e+10,-1.85306e-10,-5.04946e-10,-4.72401,-66.6891,7.09823,1.37013,-33.5321,-91.3729
2.885e+10,-1.83223e-10,-5.02984e-10,-4.67369,-66.8561,7.10633,1.36376,-33.2128,-91.1758
2.89e+10,-1.81149e-10,-5.01033e-10,-4.62336,-67.023,7.1147,1.35744,-32.8938,-90.9796
2.895e+10,-1.79086e-10,-4.99094e-10,-4.57305,-67.1898,7.12333,1.35116,-32.5754,-90.7843
2.9e+10,-1.77031e-10,-4.97167e-10,-4.52275,-67.3567,7.13223,1.34493,-32.2573,-90.5899
2.905e+10,-1.74987e-10,-4.95251e-10,-4.47247,-67.5235,7.14139,1.33874,-31.9397,-90.3964
2.91e+10,-1.72951e-10,-4.93347e-10,-4.42221,-67.6902,7.15083,1.3326,-31.6225,-90.2038
2.915e+10,-1.70925e-10,-4.91454e-10,-4.37198,-67.8569,7.16054,1.3265,-31.3058,-90.0121
2.92e+10,-1.68908e-10,-4.89572e-10,-4.32178,-68.0236,7.17053,1.32044,-30.9895,-89.8213
2.925e+10,-1.66901e-10,-4.87701e-10,-4.27161,-68.1902,7.1808,1.31443,-30.6736,-89.6313
2.93e+10,-1.64903e-10,-4.85842e-10,-4.22149,-68.3568,7.19134,1.30846,-30.3582,-89.4422
2.935e+10,-1.62914e-10,-4.83993e-10,-4.17141,-68.5234,7.20216,1.30253,-30.0432,-89.2539
2.94e+10,-1.60934e-10,-4.82156e-10,-4.12139,-68.6899,7.21325,1.29665,-29.7286,-89.0665
2.945e+10,-1.58963e-10,-4.80329e-10,-4.07143,-68.8563,7.22462,1.2908,-29.4145,-88.88
2.95e+10,-1.57002e-10,-4.78513e-10,-4.02154,-69.0228,7.23625,1.285,-29.1009,-88.6942
2.955e+10,-1.55049e-10,-4.76707e-10,-3.97173,-69.1892,7.24816,1.27924,-28.7877,-88.5093
2.96e+10,-1.53106e-10,-4.74912e-10,-3.922,-69.3555,7.26032,1.27351,-28.475,-88.3253
2.965e+10,-1.51172e-10,-4.73128e-10,-3.87237,-69.5218,7.27274,1.26783,-28.1627,-88.142
2.97e+10,-1.49246e-10,-4.71354e-10,-3.82284,-69.6881,7.28541,1.26219,-27.8509,-87.9596
2.975e+10,-1.4733e-10,-4.6959e-10,-3.77341,-69.8543,7.29833,1.25659,-27.5396,-87.778
2.98e+10,-1.45422e-10,-4.67836e-10,-3.7241,-70.0205,7.31149,1.25102,-27.2287,-87.5972
2.985e+10,-1.43524e-10,-4.66093e-10,-3.67492,-70.1867,7.32487,1.24549,-26.9183,-87.4172
2.99e+10,-1.41634e-10,-4.6436e-10,-3.62587,-70.3528,7.33847,1.24001,-26.6084,-87.238
2.995e+10,-1.39753e-10,-4.62636e-10,-3.57697,-70.5189,7.35229,1.23456,-26.2989,-87.0595
3e+10,-1.37881e-10,-4.60923e-10,-3.52821,-70.685,7.36631,1.22914,-25.9899,-86.8819
