variant,mim,temp_c,f0_vctrl0_ghz,f0_vctrl3p3_ghz,fmax_over_fmin
bn-sub,cap_bcs,-40,4.34754,3.89736,1.1155
bn-sub,cap_bcs,27,4.30094,3.86107,1.1139
bn-sub,cap_typ,-40,4.32063,3.87791,1.1142
bn-sub,cap_typ,27,4.2747,3.84202,1.1126
bn-sub,cap_wcs,-40,4.29422,3.85874,1.1129
bn-sub,cap_wcs,27,4.24893,3.82324,1.1113
bn-sub-tnom125,cap_bcs,125,4.28733,3.84832,1.1141
bn-sub-tnom125,cap_typ,125,4.26113,3.82929,1.1128
bn-sub-tnom125,cap_wcs,125,4.2354,3.81055,1.1115
bn-tank,cap_bcs,-40,5.61494,4.73665,1.1854
bn-tank,cap_bcs,27,5.60349,4.72571,1.1857
bn-tank,cap_bcs,125,5.58808,4.71142,1.1861
bn-tank,cap_typ,-40,5.55769,4.70202,1.182
bn-tank,cap_typ,27,5.54625,4.69109,1.1823
bn-tank,cap_typ,125,5.53088,4.67684,1.1826
bn-tank,cap_wcs,-40,5.50214,4.66812,1.1787
bn-tank,cap_wcs,27,5.49071,4.65722,1.179
bn-tank,cap_wcs,125,5.47539,4.64301,1.1793
