port,realization,dq_c,impulse,t_imp_s,phi_rad,dphi_rad,gq_rad_per_C,plateau_ripple_s,n_plateau
tank,1,4e-15,1,3.5000000000e-09,2.13117120,-4.1132420353e-02,-1.02831051e+13,0.0000000000e+00,1
tank,1,4e-15,2,4.0757800892e-09,2.70457697,-6.7720407550e-02,-1.69301019e+13,0.0000000000e+00,1
tank,1,4e-15,3,4.6515601783e-09,3.25900540,-6.8389004326e-02,-1.70972511e+13,0.0000000000e+00,1
tank,1,4e-15,4,5.2273402675e-09,3.82222127,-5.1671419750e-02,-1.29178549e+13,0.0000000000e+00,1
tank,1,4e-15,5,5.8031203566e-09,4.41825017,-1.5880865006e-02,-3.97021625e+12,0.0000000000e+00,1
tank,1,4e-15,6,6.3789004458e-09,5.06773020,3.2467489762e-02,8.11687244e+12,0.0000000000e+00,1
tank,1,4e-15,7,6.9546805349e-09,5.77030677,7.4052974237e-02,1.85132436e+13,3.0795593507e-14,2
tank,1,4e-15,8,7.5304606241e-09,0.12856042,7.3404015768e-02,1.83510039e+13,0.0000000000e+00,1
tank,1,4e-15,9,8.1062407132e-09,0.83453952,4.1787511713e-02,1.04468779e+13,0.0000000000e+00,1
tank,1,4e-15,10,8.6820208024e-09,1.49995257,-2.7813678129e-03,-6.95341953e+11,0.0000000000e+00,1
tank,2,-4e-15,1,3.5000000000e-09,2.15888252,4.5105294574e-02,-1.12763236e+13,0.0000000000e+00,1
tank,2,-4e-15,2,4.0757800892e-09,2.85229782,7.5798491700e-02,-1.89496229e+13,0.0000000000e+00,1
tank,2,-4e-15,3,4.6515601783e-09,3.55976028,6.3092457628e-02,-1.57731144e+13,0.0000000000e+00,1
tank,2,-4e-15,4,5.2273402675e-09,4.23606410,2.6002632430e-02,-6.50065811e+12,0.0000000000e+00,1
tank,2,-4e-15,5,5.8031203566e-09,4.86178256,-1.8112210421e-02,4.52805261e+12,0.0000000000e+00,1
tank,2,-4e-15,6,6.3789004458e-09,5.44073685,-5.3849542927e-02,1.34623857e+13,0.0000000000e+00,1
tank,2,-4e-15,7,6.9546805349e-09,5.99193811,-7.3017398549e-02,1.82543496e+13,2.9557059920e-14,2
tank,2,-4e-15,8,7.5304606241e-09,0.32565991,-6.5343949648e-02,1.63359874e+13,0.0000000000e+00,1
tank,2,-4e-15,9,8.1062407132e-09,0.88712910,-4.1807666771e-02,1.04519167e+13,0.0000000000e+00,1
tank,2,-4e-15,10,8.6820208024e-09,1.47939384,-1.1220881635e-03,2.80522041e+11,0.0000000000e+00,1
tank,3,8e-15,1,3.5000000000e-09,2.11962946,-8.1098983005e-02,-1.01373729e+13,0.0000000000e+00,1
tank,3,8e-15,2,4.0757800892e-09,2.64402295,-1.3061632095e-01,-1.63270401e+13,0.0000000000e+00,1
tank,3,8e-15,3,4.6515601783e-09,0.02827508,-1.4252760902e-01,-1.78159511e+13,0.0000000000e+00,1
tank,3,8e-15,4,5.2273402675e-09,3.61709194,-1.2313154605e-01,-1.53914433e+13,0.0000000000e+00,1
tank,3,8e-15,5,5.8031203566e-09,4.14533666,-7.4016069098e-02,-9.25200864e+12,0.0000000000e+00,1
tank,3,8e-15,6,6.3789004458e-09,4.76118524,1.6936142185e-02,2.11701777e+12,0.0000000000e+00,1
tank,3,8e-15,7,6.9546805349e-09,5.50489007,1.9145734846e-01,2.39321686e+13,2.4761768754e-12,2
tank,3,8e-15,8,7.5304606241e-09,6.27298103,1.1151632620e-01,1.39395408e+13,0.0000000000e+00,1
tank,3,8e-15,9,8.1062407132e-09,0.67937243,1.0345462552e-01,1.29318282e+13,0.0000000000e+00,1
tank,3,8e-15,10,8.6820208024e-09,1.40136618,6.6813920854e-03,8.35174011e+11,0.0000000000e+00,1
tank,4,-8e-15,1,3.5000000000e-09,2.17568506,9.4862501330e-02,-1.18578127e+13,0.0000000000e+00,1
tank,4,-8e-15,2,4.0757800892e-09,2.94077989,1.5720543773e-01,-1.96506797e+13,0.0000000000e+00,1
tank,4,-8e-15,3,4.6515601783e-09,3.72345580,1.1306069144e-01,-1.41325864e+13,0.0000000000e+00,1
tank,4,-8e-15,4,5.2273402675e-09,4.42155640,2.4679408814e-02,-3.08492610e+12,0.0000000000e+00,1
tank,4,-8e-15,5,5.8031203566e-09,5.01693826,-5.6901845741e-02,7.11273072e+12,0.0000000000e+00,1
tank,4,-8e-15,6,6.3789004458e-09,5.53522310,-1.1290256515e-01,1.41128206e+13,0.0000000000e+00,1
tank,4,-8e-15,7,6.9546805349e-09,6.01280109,-1.4107014051e-01,1.76337676e+13,5.5772101965e-14,2
tank,4,-8e-15,8,7.5304606241e-09,0.33555304,-1.2869286656e-01,1.60866083e+13,0.0000000000e+00,1
tank,4,-8e-15,9,8.1062407132e-09,0.83086356,-9.4589481834e-02,1.18236852e+13,0.0000000000e+00,1
tank,4,-8e-15,10,8.6820208024e-09,1.37178854,-2.3801420477e-02,2.97517756e+12,0.0000000000e+00,1
tail,1,4e-15,1,3.5000000000e-09,2.15120661,2.1573481623e-02,5.39337041e+12,0.0000000000e+00,1
tail,1,4e-15,2,4.0757800892e-09,2.79164521,-7.3402920631e-03,-1.83507302e+12,0.0000000000e+00,1
tail,1,4e-15,3,4.6515601783e-09,3.40380023,-2.3823514568e-02,-5.95587864e+12,0.0000000000e+00,1
tail,1,4e-15,4,5.2273402675e-09,4.01801849,-5.5800517665e-03,-1.39501294e+12,0.0000000000e+00,1
tail,1,4e-15,5,5.8031203566e-09,4.65589396,1.5079922262e-02,3.76998057e+12,0.0000000000e+00,1
tail,1,4e-15,6,6.3789004458e-09,5.31110417,2.4713724800e-02,6.17843120e+12,0.0000000000e+00,1
tail,1,4e-15,7,6.9546805349e-09,5.95106881,-6.1547602069e-03,-1.53869005e+12,1.0083721708e-14,2
tail,1,4e-15,8,7.5304606241e-09,0.28224941,-2.2763138265e-02,-5.69078457e+12,0.0000000000e+00,1
tail,1,4e-15,9,8.1062407132e-09,0.88821172,-5.2646723418e-03,-1.31616809e+12,0.0000000000e+00,1
tail,1,4e-15,10,8.6820208024e-09,1.51600114,1.5120861480e-02,3.78021537e+12,0.0000000000e+00,1
